country,year,age_group,sex,population,ucd,any_common,alternative
BR,2012,0-4,F,7153216,8,17,17
BR,2012,0-4,M,7492554,12,20,20
BR,2012,10-14,F,8285050,3,5,5
BR,2012,10-14,M,8541075,1,5,5
BR,2012,15-19,F,8589660,5,10,10
BR,2012,15-19,M,8639928,3,11,11
BR,2012,20-24,F,8531695,16,22,22
BR,2012,20-24,M,8441064,4,11,11
BR,2012,25-29,F,8792496,27,40,40
BR,2012,25-29,M,8575592,10,18,18
BR,2012,30-34,F,8544808,42,63,63
BR,2012,30-34,M,8199033,22,40,40
BR,2012,35-39,F,7470921,51,84,84
BR,2012,35-39,M,7099826,25,54,54
BR,2012,40-44,F,6855954,75,120,120
BR,2012,40-44,M,6421655,59,105,105
BR,2012,45-49,F,6462955,94,187,187
BR,2012,45-49,M,5948125,73,148,148
BR,2012,5-9,F,7569606,1,1,1
BR,2012,5-9,M,7921789,0,3,3
BR,2012,50-54,F,5695367,137,255,255
BR,2012,50-54,M,5184257,88,189,189
BR,2012,55-59,F,4730221,148,308,308
BR,2012,55-59,M,4250290,138,274,274
BR,2012,60-64,F,3745698,207,383,383
BR,2012,60-64,M,3312928,169,316,316
BR,2012,65-69,F,2818255,271,461,461
BR,2012,65-69,M,2425459,188,373,373
BR,2012,70-74,F,2176358,302,536,536
BR,2012,70-74,M,1760793,251,456,456
BR,2012,75-79,F,1628848,396,652,652
BR,2012,75-79,M,1200455,253,466,466
BR,2012,80-84,F,1080514,451,698,698
BR,2012,80-84,M,712708,266,442,442
BR,2012,85+,F,895787,626,964,964
BR,2012,85+,M,515680,343,503,503
BR,2013,0-4,F,7121178,3,18,18
BR,2013,0-4,M,7463884,10,23,23
BR,2013,10-14,F,8138707,1,4,4
BR,2013,10-14,M,8426065,1,3,3
BR,2013,15-19,F,8561467,4,11,11
BR,2013,15-19,M,8644694,10,16,16
BR,2013,20-24,F,8488814,8,22,22
BR,2013,20-24,M,8412732,5,11,11
BR,2013,25-29,F,8724932,24,48,48
BR,2013,25-29,M,8524675,14,25,25
BR,2013,30-34,F,8648899,49,71,71
BR,2013,30-34,M,8310811,28,47,47
BR,2013,35-39,F,7660500,49,87,87
BR,2013,35-39,M,7282908,26,48,48
BR,2013,40-44,F,6928918,69,113,113
BR,2013,40-44,M,6497525,57,103,103
BR,2013,45-49,F,6540506,112,183,183
BR,2013,45-49,M,6021673,70,135,135
BR,2013,5-9,F,7454699,2,4,4
BR,2013,5-9,M,7805624,1,4,4
BR,2013,50-54,F,5850019,121,247,247
BR,2013,50-54,M,5313955,92,175,175
BR,2013,55-59,F,4896250,189,342,342
BR,2013,55-59,M,4391704,150,309,309
BR,2013,60-64,F,3903087,214,396,396
BR,2013,60-64,M,3437752,188,371,371
BR,2013,65-69,F,2951155,284,506,506
BR,2013,65-69,M,2536782,193,367,367
BR,2013,70-74,F,2228456,378,606,606
BR,2013,70-74,M,1804579,241,448,448
BR,2013,75-79,F,1687030,384,627,627
BR,2013,75-79,M,1248516,309,496,496
BR,2013,80-84,F,1112004,421,659,659
BR,2013,80-84,M,732403,298,442,442
BR,2013,85+,F,937332,663,1031,1031
BR,2013,85+,M,536467,325,483,483
BR,2014,0-4,F,7115554,6,18,18
BR,2014,0-4,M,7461659,8,21,21
BR,2014,10-14,F,7978298,2,3,3
BR,2014,10-14,M,8293387,2,4,4
BR,2014,15-19,F,8523697,8,13,13
BR,2014,15-19,M,8643609,6,7,7
BR,2014,20-24,F,8471662,19,38,38
BR,2014,20-24,M,8409991,8,17,17
BR,2014,25-29,F,8633807,20,41,41
BR,2014,25-29,M,8450017,10,23,23
BR,2014,30-34,F,8708662,43,60,60
BR,2014,30-34,M,8384967,13,35,35
BR,2014,35-39,F,7877867,42,83,83
BR,2014,35-39,M,7491084,37,64,64
BR,2014,40-44,F,7011991,82,116,116
BR,2014,40-44,M,6583218,43,85,85
BR,2014,45-49,F,6600591,109,192,192
BR,2014,45-49,M,6083062,79,146,146
BR,2014,5-9,F,7355032,1,1,1
BR,2014,5-9,M,7702044,0,1,1
BR,2014,50-54,F,5998567,149,245,245
BR,2014,50-54,M,5439538,100,201,201
BR,2014,55-59,F,5061785,205,361,361
BR,2014,55-59,M,4532346,154,317,317
BR,2014,60-64,F,4063093,218,398,398
BR,2014,60-64,M,3565197,180,362,362
BR,2014,65-69,F,3091959,316,531,531
BR,2014,65-69,M,2652529,234,422,422
BR,2014,70-74,F,2291556,323,541,541
BR,2014,70-74,M,1857771,273,454,454
BR,2014,75-79,F,1743986,372,678,678
BR,2014,75-79,M,1295242,320,519,519
BR,2014,80-84,F,1146515,412,640,640
BR,2014,80-84,M,755472,313,483,483
BR,2014,85+,F,978399,699,1059,1059
BR,2014,85+,M,556977,348,521,521
BR,2015,0-4,F,7164367,4,16,16
BR,2015,0-4,M,7515065,10,30,30
BR,2015,10-14,F,7821067,4,8,8
BR,2015,10-14,M,8160183,0,2,2
BR,2015,15-19,F,8463413,10,19,19
BR,2015,15-19,M,8620023,0,4,4
BR,2015,20-24,F,8465532,18,29,29
BR,2015,20-24,M,8418677,10,14,14
BR,2015,25-29,F,8530001,26,36,36
BR,2015,25-29,M,8361597,22,30,30
BR,2015,30-34,F,8725993,34,62,62
BR,2015,30-34,M,8420722,26,53,53
BR,2015,35-39,F,8100207,55,91,91
BR,2015,35-39,M,7703994,38,71,71
BR,2015,40-44,F,7111549,67,117,117
BR,2015,40-44,M,6684388,66,112,112
BR,2015,45-49,F,6651191,109,192,192
BR,2015,45-49,M,6138395,71,139,139
BR,2015,5-9,F,7249887,0,0,0
BR,2015,5-9,M,7591156,0,2,2
BR,2015,50-54,F,6135162,131,259,259
BR,2015,50-54,M,5556950,116,222,222
BR,2015,55-59,F,5225990,192,337,337
BR,2015,55-59,M,4670515,156,288,288
BR,2015,60-64,F,4225128,256,429,429
BR,2015,60-64,M,3695467,187,363,363
BR,2015,65-69,F,3235883,291,507,507
BR,2015,65-69,M,2768071,237,421,421
BR,2015,70-74,F,2370932,317,523,523
BR,2015,70-74,M,1924382,290,506,506
BR,2015,75-79,F,1797276,422,685,685
BR,2015,75-79,M,1338548,319,510,510
BR,2015,80-84,F,1184417,457,684,684
BR,2015,80-84,M,782635,273,424,424
BR,2015,85+,F,1018282,799,1164,1164
BR,2015,85+,M,576597,376,552,552
BR,2016,0-4,F,7176661,8,20,20
BR,2016,0-4,M,7528358,7,30,30
BR,2016,10-14,F,7692918,1,1,1
BR,2016,10-14,M,8042608,0,1,1
BR,2016,15-19,F,8368049,5,5,5
BR,2016,15-19,M,8560703,6,8,8
BR,2016,20-24,F,8455573,21,37,37
BR,2016,20-24,M,8425652,10,17,17
BR,2016,25-29,F,8432108,25,50,50
BR,2016,25-29,M,8276979,16,25,25
BR,2016,30-34,F,8708705,34,61,61
BR,2016,30-34,M,8422136,26,50,50
BR,2016,35-39,F,8298088,61,88,88
BR,2016,35-39,M,7895670,32,58,58
BR,2016,40-44,F,7235995,85,134,134
BR,2016,40-44,M,6808566,57,102,102
BR,2016,45-49,F,6703547,100,185,185
BR,2016,45-49,M,6196500,88,167,167
BR,2016,5-9,F,7159600,1,2,2
BR,2016,5-9,M,7502714,1,1,1
BR,2016,50-54,F,6252737,138,255,255
BR,2016,50-54,M,5661175,114,203,203
BR,2016,55-59,F,5389174,181,345,345
BR,2016,55-59,M,4806321,163,296,296
BR,2016,60-64,F,4387869,252,444,444
BR,2016,60-64,M,3828330,234,445,445
BR,2016,65-69,F,3381751,281,537,537
BR,2016,65-69,M,2882026,265,503,503
BR,2016,70-74,F,2468444,325,571,571
BR,2016,70-74,M,2005387,300,513,513
BR,2016,75-79,F,1845388,393,664,664
BR,2016,75-79,M,1377290,299,479,479
BR,2016,80-84,F,1226953,451,704,704
BR,2016,80-84,M,814825,293,447,447
BR,2016,85+,F,1057444,776,1155,1155
BR,2016,85+,M,595681,391,560,560
BR,2017,0-4,F,7148689,12,23,23
BR,2017,0-4,M,7498483,14,32,32
BR,2017,10-14,F,7561632,3,4,4
BR,2017,10-14,M,7914826,1,2,2
BR,2017,15-19,F,8241877,7,9,9
BR,2017,15-19,M,8468595,5,8,8
BR,2017,20-24,F,8428840,15,22,22
BR,2017,20-24,M,8420617,10,16,16
BR,2017,25-29,F,8352359,19,41,41
BR,2017,25-29,M,8209257,11,22,22
BR,2017,30-34,F,8663729,48,75,75
BR,2017,30-34,M,8394253,30,49,49
BR,2017,35-39,F,8450130,58,91,91
BR,2017,35-39,M,8047502,43,70,70
BR,2017,40-44,F,7389449,69,136,136
BR,2017,40-44,M,6959431,42,92,92
BR,2017,45-49,F,6766366,105,189,189
BR,2017,45-49,M,6264462,74,154,154
BR,2017,5-9,F,7117371,1,1,1
BR,2017,5-9,M,7464194,2,2,2
BR,2017,50-54,F,6348409,143,290,290
BR,2017,50-54,M,5749790,94,213,213
BR,2017,55-59,F,5549971,168,340,340
BR,2017,55-59,M,4939435,155,311,311
BR,2017,60-64,F,4550391,260,470,470
BR,2017,60-64,M,3962951,206,415,415
BR,2017,65-69,F,3530408,312,567,567
BR,2017,65-69,M,2995964,262,504,504
BR,2017,70-74,F,2581799,355,611,611
BR,2017,70-74,M,2098178,310,512,512
BR,2017,75-79,F,1890520,450,743,743
BR,2017,75-79,M,1413441,338,579,579
BR,2017,80-84,F,1274209,465,723,723
BR,2017,80-84,M,851416,325,499,499
BR,2017,85+,F,1097587,820,1177,1177
BR,2017,85+,M,615026,447,597,597
BR,2018,0-4,F,7143597,8,22,22
BR,2018,0-4,M,7492920,16,38,38
BR,2018,10-14,F,7447052,2,3,3
BR,2018,10-14,M,7799222,4,4,4
BR,2018,15-19,F,8091938,12,15,15
BR,2018,15-19,M,8350778,4,9,9
BR,2018,20-24,F,8384816,25,35,35
BR,2018,20-24,M,8404960,7,13,13
BR,2018,25-29,F,8295079,21,35,35
BR,2018,25-29,M,8162951,13,23,23
BR,2018,30-34,F,8588455,38,55,55
BR,2018,30-34,M,8334848,21,37,37
BR,2018,35-39,F,8550108,50,85,85
BR,2018,35-39,M,8154840,34,69,69
BR,2018,40-44,F,7576354,66,123,123
BR,2018,40-44,M,7140283,52,94,94
BR,2018,45-49,F,6839156,94,181,181
BR,2018,45-49,M,6341828,76,132,132
BR,2018,5-9,F,7084208,1,1,1
BR,2018,5-9,M,7433861,0,0,0
BR,2018,50-54,F,6426200,157,282,282
BR,2018,50-54,M,5824734,125,216,216
BR,2018,55-59,F,5703333,201,364,364
BR,2018,55-59,M,5067999,168,320,320
BR,2018,60-64,F,4712567,260,464,464
BR,2018,60-64,M,4098554,208,412,412
BR,2018,65-69,F,3681482,327,563,563
BR,2018,65-69,M,3110989,276,505,505
BR,2018,70-74,F,2707514,365,653,653
BR,2018,70-74,M,2199247,315,561,561
BR,2018,75-79,F,1938389,404,661,661
BR,2018,75-79,M,1451821,347,583,583
BR,2018,80-84,F,1323721,448,720,720
BR,2018,80-84,M,890120,359,555,555
BR,2018,85+,F,1139514,870,1223,1223
BR,2018,85+,M,635600,477,675,675
BR,2019,0-4,F,7111933,9,25,25
BR,2019,0-4,M,7458700,9,31,31
BR,2019,10-14,F,7348051,1,3,3
BR,2019,10-14,M,7696334,3,5,5
BR,2019,15-19,F,7936624,7,12,12
BR,2019,15-19,M,8225283,8,8,8
BR,2019,20-24,F,8347000,12,23,23
BR,2019,20-24,M,8400832,7,16,16
BR,2019,25-29,F,8272246,29,39,39
BR,2019,25-29,M,8150148,18,33,33
BR,2019,30-34,F,8493968,36,59,59
BR,2019,30-34,M,8255517,27,40,40
BR,2019,35-39,F,8608339,74,109,109
BR,2019,35-39,M,8227095,41,91,91
BR,2019,40-44,F,7792313,95,145,145
BR,2019,40-44,M,7347141,55,95,95
BR,2019,45-49,F,6922507,111,199,199
BR,2019,45-49,M,6429381,76,143,143
BR,2019,5-9,F,7077260,0,0,0
BR,2019,5-9,M,7429405,3,5,5
BR,2019,50-54,F,6487200,146,258,258
BR,2019,50-54,M,5888136,131,254,254
BR,2019,55-59,F,5850910,205,389,389
BR,2019,55-59,M,5193015,172,334,334
BR,2019,60-64,F,4874532,272,498,498
BR,2019,60-64,M,4234251,221,426,426
BR,2019,65-69,F,3834603,301,590,590
BR,2019,65-69,M,3228543,259,510,510
BR,2019,70-74,F,2840115,367,651,651
BR,2019,70-74,M,2303522,316,564,564
BR,2019,75-79,F,1996507,451,710,710
BR,2019,75-79,M,1498484,404,652,652
BR,2019,80-84,F,1371868,472,738,738
BR,2019,80-84,M,927586,332,535,535
BR,2019,85+,F,1182889,940,1330,1330
BR,2019,85+,M,657861,483,690,690
BR,2020,0-4,F,7004496,8,20,20
BR,2020,0-4,M,7344834,11,19,19
BR,2020,10-14,F,7243924,1,2,2
BR,2020,10-14,M,7586218,0,1,1
BR,2020,15-19,F,7788905,3,11,11
BR,2020,15-19,M,8104148,4,6,6
BR,2020,20-24,F,8306493,22,32,32
BR,2020,20-24,M,8395653,9,13,13
BR,2020,25-29,F,8277869,21,38,38
BR,2020,25-29,M,8166249,13,26,26
BR,2020,30-34,F,8396742,41,64,64
BR,2020,30-34,M,8171638,35,43,43
BR,2020,35-39,F,8628980,69,108,108
BR,2020,35-39,M,8265086,34,67,67
BR,2020,40-44,F,8014947,76,150,150
BR,2020,40-44,M,7558885,61,112,112
BR,2020,45-49,F,7021811,96,198,198
BR,2020,45-49,M,6529986,79,146,146
BR,2020,5-9,F,7126888,1,2,2
BR,2020,5-9,M,7482351,0,0,0
BR,2020,50-54,F,6537509,140,283,283
BR,2020,50-54,M,5942314,95,187,187
BR,2020,55-59,F,5984480,182,340,340
BR,2020,55-59,M,5305040,167,351,351
BR,2020,60-64,F,5031864,271,526,526
BR,2020,60-64,M,4362080,225,429,429
BR,2020,65-69,F,3985501,302,584,584
BR,2020,65-69,M,3341603,259,515,515
BR,2020,70-74,F,2971680,323,593,593
BR,2020,70-74,M,2399939,310,579,579
BR,2020,75-79,F,2066197,356,659,659
BR,2020,75-79,M,1550880,329,570,570
BR,2020,80-84,F,1413300,443,742,742
BR,2020,80-84,M,957210,346,543,543
BR,2020,85+,F,1222349,791,1158,1158
BR,2020,85+,M,676840,456,673,673
BR,2021,0-4,F,6884882,10,19,19
BR,2021,0-4,M,7218022,8,18,18
BR,2021,10-14,F,7154758,0,3,3
BR,2021,10-14,M,7498838,5,6,6
BR,2021,15-19,F,7667765,3,8,8
BR,2021,15-19,M,7995489,4,8,8
BR,2021,20-24,F,8234129,16,26,26
BR,2021,20-24,M,8358863,9,20,20
BR,2021,25-29,F,8285732,37,69,69
BR,2021,25-29,M,8187192,25,34,34
BR,2021,30-34,F,8308533,32,76,76
BR,2021,30-34,M,8094262,30,52,52
BR,2021,35-39,F,8614825,55,113,113
BR,2021,35-39,M,8266906,54,96,96
BR,2021,40-44,F,8210457,76,160,160
BR,2021,40-44,M,7743738,59,127,127
BR,2021,45-49,F,7140727,109,218,218
BR,2021,45-49,M,6644267,89,174,174
BR,2021,5-9,F,7141725,1,2,2
BR,2021,5-9,M,7497165,1,2,2
BR,2021,50-54,F,6582891,142,267,267
BR,2021,50-54,M,5988829,135,274,274
BR,2021,55-59,F,6090024,204,413,413
BR,2021,55-59,M,5390506,172,362,362
BR,2021,60-64,F,5178317,250,478,478
BR,2021,60-64,M,4474584,225,486,486
BR,2021,65-69,F,4125812,336,625,625
BR,2021,65-69,M,3443378,295,616,616
BR,2021,70-74,F,3095481,401,705,705
BR,2021,70-74,M,2480412,337,625,625
BR,2021,75-79,F,2143774,410,703,703
BR,2021,75-79,M,1604453,357,605,605
BR,2021,80-84,F,1441677,481,757,757
BR,2021,80-84,M,974402,327,531,531
BR,2021,85+,F,1251280,939,1322,1322
BR,2021,85+,M,689547,477,692,692
BR,2022,0-4,F,6748180,13,26,26
BR,2022,0-4,M,7072657,7,29,29
BR,2022,10-14,F,7113772,3,7,7
BR,2022,10-14,M,7461557,1,3,3
BR,2022,15-19,F,7535168,6,11,11
BR,2022,15-19,M,7867241,2,7,7
BR,2022,20-24,F,8119664,14,26,26
BR,2022,20-24,M,8276952,12,15,15
BR,2022,25-29,F,8274950,18,35,35
BR,2022,25-29,M,8193145,22,32,32
BR,2022,30-34,F,8239142,54,81,81
BR,2022,30-34,M,8033827,34,59,59
BR,2022,35-39,F,8574426,79,134,134
BR,2022,35-39,M,8241075,43,88,88
BR,2022,40-44,F,8361528,86,164,164
BR,2022,40-44,M,7890594,80,143,143
BR,2022,45-49,F,7289770,126,218,218
BR,2022,45-49,M,6786555,78,196,196
BR,2022,5-9,F,7117933,0,2,2
BR,2022,5-9,M,7470215,0,0,0
BR,2022,50-54,F,6640700,174,313,313
BR,2022,50-54,M,6048475,127,280,280
BR,2022,55-59,F,6176634,200,419,419
BR,2022,55-59,M,5464324,173,399,399
BR,2022,60-64,F,5325745,256,525,525
BR,2022,60-64,M,4588721,268,535,535
BR,2022,65-69,F,4268636,370,698,698
BR,2022,65-69,M,3552696,321,606,606
BR,2022,70-74,F,3221066,411,743,743
BR,2022,70-74,M,2563397,404,721,721
BR,2022,75-79,F,2234649,458,783,783
BR,2022,75-79,M,1669303,393,671,671
BR,2022,80-84,F,1466341,498,799,799
BR,2022,80-84,M,989957,368,588,588
BR,2022,85+,F,1279565,976,1427,1427
BR,2022,85+,M,704423,503,706,706
BR,2023,0-4,F,6553590,12,27,27
BR,2023,0-4,M,6867652,14,30,30
BR,2023,10-14,F,7082501,4,6,6
BR,2023,10-14,M,7433007,1,3,3
BR,2023,15-19,F,7418395,12,17,17
BR,2023,15-19,M,7751015,9,15,15
BR,2023,20-24,F,7974090,17,28,28
BR,2023,20-24,M,8164085,9,21,21
BR,2023,25-29,F,8248194,41,62,62
BR,2023,25-29,M,8190619,20,35,35
BR,2023,30-34,F,8196216,46,63,63
BR,2023,30-34,M,7999287,28,50,50
BR,2023,35-39,F,8508424,51,113,113
BR,2023,35-39,M,8189931,39,83,83
BR,2023,40-44,F,8465433,100,190,190
BR,2023,40-44,M,8000280,69,140,140
BR,2023,45-49,F,7477692,134,257,257
BR,2023,45-49,M,6966824,85,174,174
BR,2023,5-9,F,7119716,0,3,3
BR,2023,5-9,M,7470029,0,3,3
BR,2023,50-54,F,6714889,157,353,353
BR,2023,50-54,M,6127370,149,289,289
BR,2023,55-59,F,6255579,262,492,492
BR,2023,55-59,M,5538849,195,392,392
BR,2023,60-64,F,5476616,313,626,626
BR,2023,60-64,M,4712064,267,565,565
BR,2023,65-69,F,4424233,375,736,736
BR,2023,65-69,M,3678399,371,720,720
BR,2023,70-74,F,3358242,468,846,846
BR,2023,70-74,M,2662432,430,753,753
BR,2023,75-79,F,2344518,472,797,797
BR,2023,75-79,M,1752057,454,737,737
BR,2023,80-84,F,1501717,544,846,846
BR,2023,80-84,M,1016004,413,625,625
BR,2023,85+,F,1323560,1002,1458,1458
BR,2023,85+,M,731649,543,784,784
BR,2024,0-4,F,6356612,12,29,29
BR,2024,0-4,M,6661380,8,22,22
BR,2024,10-14,F,7076552,2,6,6
BR,2024,10-14,M,7429136,2,6,6
BR,2024,15-19,F,7320566,6,10,10
BR,2024,15-19,M,7651069,4,8,8
BR,2024,20-24,F,7821129,21,31,31
BR,2024,20-24,M,8044783,16,22,22
BR,2024,25-29,F,8219079,17,39,39
BR,2024,25-29,M,8193616,12,36,36
BR,2024,30-34,F,8181015,37,66,66
BR,2024,30-34,M,7992515,35,58,58
BR,2024,35-39,F,8419411,60,122,122
BR,2024,35-39,M,8115656,44,84,84
BR,2024,40-44,F,8525842,92,168,168
BR,2024,40-44,M,8073611,71,134,134
BR,2024,45-49,F,7693627,137,277,277
BR,2024,45-49,M,7171760,99,206,206
BR,2024,5-9,F,7092027,2,3,3
BR,2024,5-9,M,7439000,1,1,1
BR,2024,50-54,F,6798626,161,335,335
BR,2024,50-54,M,6215140,143,298,298
BR,2024,55-59,F,6318206,228,477,477
BR,2024,55-59,M,5603775,245,472,472
BR,2024,60-64,F,5622638,314,616,616
BR,2024,60-64,M,4833395,295,581,581
BR,2024,65-69,F,4582309,429,788,788
BR,2024,65-69,M,3806961,346,715,715
BR,2024,70-74,F,3500843,432,841,841
BR,2024,70-74,M,2768674,450,800,800
BR,2024,75-79,F,2463099,521,895,895
BR,2024,75-79,M,1840490,466,807,807
BR,2024,80-84,F,1550505,606,942,942
BR,2024,80-84,M,1053425,420,633,633
BR,2024,85+,F,1379378,1122,1566,1566
BR,2024,85+,M,767900,527,779,779
US,2012,0-4,F,9774041,1,8,8
US,2012,0-4,M,10206895,4,12,12
US,2012,10-14,F,10111589,0,1,1
US,2012,10-14,M,10562254,0,0,0
US,2012,15-19,F,10411033,1,4,4
US,2012,15-19,M,10962987,0,1,1
US,2012,20-24,F,11048703,7,17,17
US,2012,20-24,M,11547696,5,11,11
US,2012,25-29,F,10567537,8,16,16
US,2012,25-29,M,10825742,10,23,23
US,2012,30-34,F,10430149,7,14,14
US,2012,30-34,M,10480606,11,24,24
US,2012,35-39,F,9785513,7,22,22
US,2012,35-39,M,9704768,16,37,36
US,2012,40-44,F,10572858,15,49,47
US,2012,40-44,M,10448571,13,48,46
US,2012,45-49,F,10964652,22,70,70
US,2012,45-49,M,10719658,31,97,95
US,2012,5-9,F,10018115,1,2,2
US,2012,5-9,M,10454564,1,1,1
US,2012,50-54,F,11498699,63,141,141
US,2012,50-54,M,11072956,71,172,172
US,2012,55-59,F,10702819,74,160,160
US,2012,55-59,M,10063422,106,259,258
US,2012,60-64,F,9278588,103,237,237
US,2012,60-64,M,8531036,153,343,342
US,2012,65-69,F,7372870,145,319,318
US,2012,65-69,M,6607248,180,382,381
US,2012,70-74,F,5414881,171,362,361
US,2012,70-74,M,4598264,212,437,435
US,2012,75-79,F,4200910,237,457,454
US,2012,75-79,M,3293616,258,521,521
US,2012,80-84,F,3425248,362,617,615
US,2012,80-84,M,2354010,371,685,684
US,2012,85+,F,3902430,1174,1891,1887
US,2012,85+,M,1962734,651,1158,1156
US,2013,0-4,F,9710523,1,10,10
US,2013,0-4,M,10144661,2,13,13
US,2013,10-14,F,10109744,0,0,0
US,2013,10-14,M,10547243,1,1,1
US,2013,15-19,F,10332561,0,3,3
US,2013,15-19,M,10850915,0,0,0
US,2013,20-24,F,11139145,2,11,11
US,2013,20-24,M,11687700,3,7,7
US,2013,25-29,F,10642006,6,8,7
US,2013,25-29,M,10940347,3,12,11
US,2013,30-34,F,10603284,11,24,24
US,2013,30-34,M,10668769,8,22,22
US,2013,35-39,F,9832348,13,31,31
US,2013,35-39,M,9772347,12,30,30
US,2013,40-44,F,10493518,17,35,35
US,2013,40-44,M,10347955,23,63,63
US,2013,45-49,F,10711713,36,78,78
US,2013,45-49,M,10491199,31,83,82
US,2013,5-9,F,10068928,0,1,1
US,2013,5-9,M,10506663,0,0,0
US,2013,50-54,F,11485360,39,135,134
US,2013,50-54,M,11060993,58,165,164
US,2013,55-59,F,10904047,71,169,169
US,2013,55-59,M,10268546,94,253,250
US,2013,60-64,F,9444556,96,248,248
US,2013,60-64,M,8662539,129,316,316
US,2013,65-69,F,7690162,138,309,306
US,2013,65-69,M,6901813,223,446,445
US,2013,70-74,F,5723763,200,410,409
US,2013,70-74,M,4878749,225,458,456
US,2013,75-79,F,4291752,254,485,485
US,2013,75-79,M,3390044,279,546,544
US,2013,80-84,F,3397838,373,669,667
US,2013,80-84,M,2364502,367,656,655
US,2013,85+,F,3964645,1146,1912,1903
US,2013,85+,M,2029069,729,1212,1211
US,2014,0-4,F,9715944,2,9,9
US,2014,0-4,M,10162862,4,17,17
US,2014,10-14,F,10122728,0,0,0
US,2014,10-14,M,10551032,2,2,2
US,2014,15-19,F,10282180,3,6,6
US,2014,15-19,M,10778182,1,3,3
US,2014,20-24,F,11157116,1,4,3
US,2014,20-24,M,11734876,6,8,8
US,2014,25-29,F,10814504,5,12,12
US,2014,25-29,M,11154019,6,15,15
US,2014,30-34,F,10711000,5,17,16
US,2014,30-34,M,10796288,9,25,25
US,2014,35-39,F,9959734,13,33,32
US,2014,35-39,M,9913940,14,39,39
US,2014,40-44,F,10342116,23,40,39
US,2014,40-44,M,10187508,18,45,45
US,2014,45-49,F,10509217,28,74,73
US,2014,45-49,M,10310760,39,107,105
US,2014,5-9,F,10046117,0,1,1
US,2014,5-9,M,10480153,0,0,0
US,2014,50-54,F,11464466,56,133,132
US,2014,50-54,M,11045022,67,173,172
US,2014,55-59,F,11042238,83,200,198
US,2014,55-59,M,10416082,103,263,263
US,2014,60-64,F,9672090,104,256,254
US,2014,60-64,M,8855150,155,362,361
US,2014,65-69,F,8062323,164,352,351
US,2014,65-69,M,7234673,208,466,463
US,2014,70-74,F,5967007,183,395,394
US,2014,70-74,M,5091435,278,509,505
US,2014,75-79,F,4408952,257,485,485
US,2014,75-79,M,3507421,288,582,577
US,2014,80-84,F,3379011,407,663,660
US,2014,80-84,M,2376937,364,668,666
US,2014,85+,F,4033776,1164,1859,1852
US,2014,85+,M,2099470,748,1185,1184
US,2015,0-4,F,9734572,1,9,9
US,2015,0-4,M,10190134,0,16,16
US,2015,10-14,F,10097361,1,2,2
US,2015,10-14,M,10517252,0,0,0
US,2015,15-19,F,10303239,2,3,3
US,2015,15-19,M,10787033,0,0,0
US,2015,20-24,F,11043025,2,7,7
US,2015,20-24,M,11646473,5,8,8
US,2015,25-29,F,11029349,8,15,15
US,2015,25-29,M,11402007,6,20,19
US,2015,30-34,F,10765946,5,16,16
US,2015,30-34,M,10875937,13,25,25
US,2015,35-39,F,10166224,17,33,33
US,2015,35-39,M,10142245,16,31,31
US,2015,40-44,F,10142266,16,48,46
US,2015,40-44,M,9989891,19,44,42
US,2015,45-49,F,10473254,25,71,70
US,2015,45-49,M,10288356,29,87,86
US,2015,5-9,F,10029953,0,2,2
US,2015,5-9,M,10460866,0,0,0
US,2015,50-54,F,11329624,75,148,147
US,2015,50-54,M,10921871,73,181,179
US,2015,55-59,F,11173781,67,197,194
US,2015,55-59,M,10559735,114,291,290
US,2015,60-64,F,9926854,116,279,278
US,2015,60-64,M,9085876,146,362,360
US,2015,65-69,F,8454324,173,371,370
US,2015,65-69,M,7576768,225,490,485
US,2015,70-74,F,6175400,201,410,407
US,2015,70-74,M,5281726,283,561,558
US,2015,75-79,F,4507381,298,535,529
US,2015,75-79,M,3603446,360,657,657
US,2015,80-84,F,3386269,382,673,672
US,2015,80-84,M,2407460,374,655,654
US,2015,85+,F,4093329,1274,1982,1978
US,2015,85+,M,2169767,752,1256,1251
US,2016,0-4,F,9742528,3,13,13
US,2016,0-4,M,10194209,1,12,12
US,2016,10-14,F,10104766,1,2,2
US,2016,10-14,M,10529234,1,2,2
US,2016,15-19,F,10335334,0,1,1
US,2016,15-19,M,10804809,2,3,3
US,2016,20-24,F,10880883,7,8,8
US,2016,20-24,M,11486770,5,8,8
US,2016,25-29,F,11271329,6,15,15
US,2016,25-29,M,11668343,11,19,19
US,2016,30-34,F,10837503,8,18,18
US,2016,30-34,M,10997952,14,30,29
US,2016,35-39,F,10399494,18,35,35
US,2016,35-39,M,10385679,18,41,41
US,2016,40-44,F,9910118,26,50,50
US,2016,40-44,M,9768609,17,43,41
US,2016,45-49,F,10550885,31,90,89
US,2016,45-49,M,10356168,47,115,115
US,2016,5-9,F,10008005,0,0,0
US,2016,5-9,M,10442552,0,1,1
US,2016,50-54,F,11087512,48,142,136
US,2016,50-54,M,10708723,68,166,161
US,2016,55-59,F,11276769,71,211,207
US,2016,55-59,M,10663988,94,260,250
US,2016,60-64,F,10153415,119,295,283
US,2016,60-64,M,9297699,154,404,390
US,2016,65-69,F,8874413,157,378,367
US,2016,65-69,M,7927580,254,593,586
US,2016,70-74,F,6347009,196,451,440
US,2016,70-74,M,5444125,278,581,571
US,2016,75-79,F,4642235,304,551,537
US,2016,75-79,M,3721492,303,619,616
US,2016,80-84,F,3415481,385,658,650
US,2016,80-84,M,2453136,402,732,721
US,2016,85+,F,4148383,1330,2021,2008
US,2016,85+,M,2234625,827,1329,1326
US,2017,0-4,F,9721892,3,19,19
US,2017,0-4,M,10173124,3,10,10
US,2017,10-14,F,10174304,1,2,2
US,2017,10-14,M,10609152,0,0,0
US,2017,15-19,F,10322453,1,3,3
US,2017,15-19,M,10783133,2,4,4
US,2017,20-24,F,10747498,7,11,11
US,2017,20-24,M,11314113,2,7,7
US,2017,25-29,F,11463708,6,12,12
US,2017,25-29,M,11897087,4,13,13
US,2017,30-34,F,10877130,7,26,26
US,2017,30-34,M,11081933,12,29,29
US,2017,35-39,F,10594335,13,32,31
US,2017,35-39,M,10596983,10,37,37
US,2017,40-44,F,9857600,15,43,43
US,2017,40-44,M,9718987,19,55,55
US,2017,45-49,F,10547318,28,67,66
US,2017,45-49,M,10349982,33,98,98
US,2017,5-9,F,9948106,0,2,2
US,2017,5-9,M,10382200,0,0,0
US,2017,50-54,F,10844299,53,162,159
US,2017,50-54,M,10485450,73,185,179
US,2017,55-59,F,11274831,75,196,189
US,2017,55-59,M,10670828,132,310,296
US,2017,60-64,F,10398926,131,328,320
US,2017,60-64,M,9529117,147,390,381
US,2017,65-69,F,8884407,189,427,420
US,2017,65-69,M,7909189,232,535,522
US,2017,70-74,F,6881542,242,491,482
US,2017,70-74,M,5931096,283,636,615
US,2017,75-79,F,4833186,301,573,560
US,2017,75-79,M,3889506,369,685,679
US,2017,80-84,F,3455501,368,668,659
US,2017,80-84,M,2504286,407,735,726
US,2017,85+,F,4181647,1222,1980,1969
US,2017,85+,M,2287279,837,1355,1346
US,2018,0-4,F,9665926,0,4,3
US,2018,0-4,M,10112601,2,17,17
US,2018,10-14,F,10223894,0,3,3
US,2018,10-14,M,10663948,2,2,2
US,2018,15-19,F,10314076,2,4,4
US,2018,15-19,M,10762990,2,3,3
US,2018,20-24,F,10652877,5,10,10
US,2018,20-24,M,11172233,2,5,5
US,2018,25-29,F,11535821,3,8,8
US,2018,25-29,M,12011397,3,12,12
US,2018,30-34,F,10945565,7,22,21
US,2018,30-34,M,11186277,8,20,20
US,2018,35-39,F,10767228,11,41,40
US,2018,35-39,M,10781732,10,41,40
US,2018,40-44,F,9901383,20,59,59
US,2018,40-44,M,9781751,19,61,59
US,2018,45-49,F,10466104,29,75,71
US,2018,45-49,M,10249333,33,92,90
US,2018,5-9,F,9888217,0,0,0
US,2018,5-9,M,10324741,0,0,0
US,2018,50-54,F,10593345,50,137,133
US,2018,50-54,M,10262878,60,186,180
US,2018,55-59,F,11257833,88,238,233
US,2018,55-59,M,10658259,119,309,300
US,2018,60-64,F,10585539,119,315,307
US,2018,60-64,M,9717646,149,417,405
US,2018,65-69,F,9041390,191,447,432
US,2018,65-69,M,8022909,226,531,520
US,2018,70-74,F,7180687,254,548,532
US,2018,70-74,M,6200020,318,666,650
US,2018,75-79,F,5115395,270,564,550
US,2018,75-79,M,4134784,346,690,679
US,2018,80-84,F,3536898,401,705,697
US,2018,80-84,M,2584496,424,781,776
US,2018,85+,F,4205508,1284,2023,2010
US,2018,85+,M,2332518,816,1297,1286
US,2019,0-4,F,9570073,1,6,6
US,2019,0-4,M,10001266,0,8,8
US,2019,10-14,F,10190891,2,3,3
US,2019,10-14,M,10629162,0,0,0
US,2019,15-19,F,10313575,0,1,1
US,2019,15-19,M,10752848,0,3,3
US,2019,20-24,F,10577124,2,7,7
US,2019,20-24,M,11066850,4,5,5
US,2019,25-29,F,11518714,4,11,11
US,2019,25-29,M,12020738,5,17,15
US,2019,30-34,F,11093732,3,16,16
US,2019,30-34,M,11370500,11,28,28
US,2019,35-39,F,10861340,11,43,41
US,2019,35-39,M,10892543,20,49,49
US,2019,40-44,F,10014341,20,58,57
US,2019,40-44,M,9906220,25,59,59
US,2019,45-49,F,10307804,32,91,89
US,2019,45-49,M,10082635,35,102,100
US,2019,5-9,F,9886447,1,1,1
US,2019,5-9,M,10335306,0,1,1
US,2019,50-54,F,10387588,49,133,127
US,2019,50-54,M,10082296,53,159,158
US,2019,55-59,F,11232044,107,251,244
US,2019,55-59,M,10639047,97,287,274
US,2019,60-64,F,10708826,136,323,309
US,2019,60-64,M,9851308,181,455,441
US,2019,65-69,F,9252566,167,389,379
US,2019,65-69,M,8191801,243,611,592
US,2019,70-74,F,7527818,251,548,537
US,2019,70-74,M,6499159,318,684,665
US,2019,75-79,F,5333117,309,633,619
US,2019,75-79,M,4317707,362,765,745
US,2019,80-84,F,3636357,398,724,718
US,2019,80-84,M,2678743,435,783,771
US,2019,85+,F,4225260,1233,2042,2024
US,2019,85+,M,2374207,843,1346,1337
US,2020,0-4,F,9440135,3,7,7
US,2020,0-4,M,9861157,0,9,9
US,2020,10-14,F,10159455,1,4,4
US,2020,10-14,M,10594968,1,4,4
US,2020,15-19,F,10266332,2,2,2
US,2020,15-19,M,10694597,0,4,4
US,2020,20-24,F,10561909,2,3,3
US,2020,20-24,M,11032846,3,4,4
US,2020,25-29,F,11356117,6,15,15
US,2020,25-29,M,11875126,6,24,24
US,2020,30-34,F,11269150,15,28,28
US,2020,30-34,M,11569253,11,29,28
US,2020,35-39,F,10890716,22,42,41
US,2020,35-39,M,10937588,14,50,50
US,2020,40-44,F,10199608,26,56,53
US,2020,40-44,M,10108280,22,88,81
US,2020,45-49,F,10097702,35,103,100
US,2020,45-49,M,9872904,33,109,108
US,2020,5-9,F,9890958,0,1,1
US,2020,5-9,M,10346753,1,3,3
US,2020,50-54,F,10343739,63,169,162
US,2020,50-54,M,10051788,68,197,193
US,2020,55-59,F,11091171,84,240,235
US,2020,55-59,M,10511928,135,334,328
US,2020,60-64,F,10823072,152,392,380
US,2020,60-64,M,9977506,180,487,469
US,2020,65-69,F,9483316,204,505,488
US,2020,65-69,M,8390351,259,648,624
US,2020,70-74,F,7882542,272,595,579
US,2020,70-74,M,6793189,351,835,806
US,2020,75-79,F,5513149,334,678,660
US,2020,75-79,M,4473684,407,842,828
US,2020,80-84,F,3715123,382,736,723
US,2020,80-84,M,2749591,464,829,817
US,2020,85+,F,4243727,1198,2050,2035
US,2020,85+,M,2414693,838,1469,1453
US,2021,0-4,F,9213282,1,11,11
US,2021,0-4,M,9638924,2,7,7
US,2021,10-14,F,10468966,0,0,0
US,2021,10-14,M,10998343,0,1,1
US,2021,15-19,F,10550956,1,2,2
US,2021,15-19,M,11032075,1,4,4
US,2021,20-24,F,10563847,0,3,3
US,2021,20-24,M,10986668,6,12,12
US,2021,25-29,F,11022779,3,14,14
US,2021,25-29,M,11386632,4,13,13
US,2021,30-34,F,11436751,12,37,36
US,2021,30-34,M,11681024,16,33,33
US,2021,35-39,F,11042908,19,53,50
US,2021,35-39,M,11271318,16,58,58
US,2021,40-44,F,10515899,19,59,58
US,2021,40-44,M,10597422,28,64,59
US,2021,45-49,F,9910370,32,94,92
US,2021,45-49,M,9880380,47,132,129
US,2021,5-9,F,9924515,0,0,0
US,2021,5-9,M,10385783,0,0,0
US,2021,50-54,F,10471707,61,171,168
US,2021,50-54,M,10436367,56,207,204
US,2021,55-59,F,10938806,92,261,256
US,2021,55-59,M,10630482,106,366,356
US,2021,60-64,F,10897299,140,419,396
US,2021,60-64,M,10323993,214,552,539
US,2021,65-69,F,9637672,254,607,581
US,2021,65-69,M,8736147,296,730,712
US,2021,70-74,F,8147119,347,749,726
US,2021,70-74,M,7103881,461,970,955
US,2021,75-79,F,5434012,373,786,756
US,2021,75-79,M,4461789,492,966,945
US,2021,80-84,F,3613724,438,815,800
US,2021,80-84,M,2688870,464,889,875
US,2021,85+,F,3865451,1259,2088,2067
US,2021,85+,M,2203599,958,1591,1581
US,2022,0-4,F,9149470,1,15,15
US,2022,0-4,M,9561484,3,15,15
US,2022,10-14,F,10338140,0,0,0
US,2022,10-14,M,10858115,1,2,2
US,2022,15-19,F,10695953,1,3,3
US,2022,15-19,M,11201441,5,6,6
US,2022,20-24,F,10656544,7,15,15
US,2022,20-24,M,11090066,9,12,12
US,2022,25-29,F,10953339,6,16,16
US,2022,25-29,M,11299481,7,22,22
US,2022,30-34,F,11618816,14,36,36
US,2022,30-34,M,11852898,13,38,38
US,2022,35-39,F,11104338,14,54,54
US,2022,35-39,M,11337479,17,60,59
US,2022,40-44,F,10726881,23,84,80
US,2022,40-44,M,10827504,22,87,83
US,2022,45-49,F,9874888,25,98,96
US,2022,45-49,M,9826556,56,138,137
US,2022,5-9,F,9924379,0,0,0
US,2022,5-9,M,10384438,0,0,0
US,2022,50-54,F,10467562,59,189,186
US,2022,50-54,M,10418054,72,228,221
US,2022,55-59,F,10690530,93,292,285
US,2022,55-59,M,10387713,133,400,392
US,2022,60-64,F,10921606,173,446,437
US,2022,60-64,M,10344609,177,551,541
US,2022,65-69,F,9845120,238,606,598
US,2022,65-69,M,8934330,292,719,703
US,2022,70-74,F,8159247,334,760,746
US,2022,70-74,M,7066013,428,956,944
US,2022,75-79,F,5934586,417,846,833
US,2022,75-79,M,4911106,515,1064,1047
US,2022,80-84,F,3753023,457,870,862
US,2022,80-84,M,2797365,499,929,924
US,2022,85+,F,3866967,1237,2072,2053
US,2022,85+,M,2237280,874,1580,1568
US,2023,0-4,F,9113709,1,6,6
US,2023,0-4,M,9518688,2,19,19
US,2023,10-14,F,10220382,0,1,1
US,2023,10-14,M,10723279,0,0,0
US,2023,15-19,F,10848970,0,1,1
US,2023,15-19,M,11379103,1,1,1
US,2023,20-24,F,10793698,4,10,10
US,2023,20-24,M,11249749,1,6,6
US,2023,25-29,F,10974079,8,19,19
US,2023,25-29,M,11304143,4,17,17
US,2023,30-34,F,11761144,9,30,29
US,2023,30-34,M,12009251,17,41,41
US,2023,35-39,F,11232482,11,42,41
US,2023,35-39,M,11465154,15,53,53
US,2023,40-44,F,10948511,17,73,72
US,2023,40-44,M,11066810,19,59,59
US,2023,45-49,F,9974556,36,112,108
US,2023,45-49,M,9932362,26,114,112
US,2023,5-9,F,9912913,1,2,2
US,2023,5-9,M,10371140,0,0,0
US,2023,50-54,F,10407373,58,164,162
US,2023,50-54,M,10331257,61,194,193
US,2023,55-59,F,10466862,90,264,258
US,2023,55-59,M,10188050,118,340,333
US,2023,60-64,F,10932221,193,462,456
US,2023,60-64,M,10353638,209,523,520
US,2023,65-69,F,10042785,236,621,610
US,2023,65-69,M,9138341,298,746,731
US,2023,70-74,F,8331148,343,798,787
US,2023,70-74,M,7204482,382,908,896
US,2023,75-79,F,6221182,410,889,881
US,2023,75-79,M,5158922,524,1056,1044
US,2023,80-84,F,3983828,462,912,901
US,2023,80-84,M,2991466,522,1046,1033
US,2023,85+,F,3934293,1244,2113,2100
US,2023,85+,M,2320260,930,1591,1583
US,2024,0-4,F,9098271,2,13,13
US,2024,0-4,M,9501043,4,29,29
US,2024,10-14,F,10200006,0,0,0
US,2024,10-14,M,10701148,2,2,2
US,2024,15-19,F,10914056,1,2,2
US,2024,15-19,M,11461769,3,10,10
US,2024,20-24,F,10970121,2,10,10
US,2024,20-24,M,11451815,3,7,7
US,2024,25-29,F,11069140,6,21,21
US,2024,25-29,M,11390736,10,26,26
US,2024,30-34,F,11866273,9,29,28
US,2024,30-34,M,12127715,18,48,47
US,2024,35-39,F,11467859,16,46,45
US,2024,35-39,M,11702213,16,55,55
US,2024,40-44,F,11115417,26,88,85
US,2024,40-44,M,11253735,33,106,104
US,2024,45-49,F,10164244,27,91,90
US,2024,45-49,M,10129805,40,112,109
US,2024,5-9,F,9878030,0,0,0
US,2024,5-9,M,10319642,0,2,2
US,2024,50-54,F,10293667,54,164,163
US,2024,50-54,M,10192640,80,231,230
US,2024,55-59,F,10307943,106,270,266
US,2024,55-59,M,10051985,114,374,368
US,2024,60-64,F,10938774,174,477,469
US,2024,60-64,M,10363023,203,573,566
US,2024,65-69,F,10191886,252,636,625
US,2024,65-69,M,9297585,273,713,703
US,2024,70-74,F,8553407,308,821,809
US,2024,70-74,M,7402084,406,974,955
US,2024,75-79,F,6557458,452,937,920
US,2024,75-79,M,5435868,526,1144,1133
US,2024,80-84,F,4165424,501,957,946
US,2024,80-84,M,3141063,549,1049,1032
US,2024,85+,F,4021130,1271,2204,2184
US,2024,85+,M,2414013,864,1521,1511
