country,year,age_group,sex,any_common_mentions,unique_records,records_with_multiple_subcodes
US,2012,55-59,F,175,160,12
US,2012,85+,F,2099,1891,200
US,2012,85+,M,1271,1158,109
US,2012,50-54,M,188,172,14
US,2012,40-44,F,50,49,1
US,2012,30-34,F,16,14,2
US,2012,75-79,F,489,457,28
US,2012,65-69,F,345,319,24
US,2012,55-59,M,280,259,21
US,2012,80-84,F,678,617,60
US,2012,60-64,M,368,343,25
US,2012,80-84,M,734,685,47
US,2012,0-4,M,12,12,0
US,2012,70-74,M,467,437,29
US,2012,45-49,M,102,97,5
US,2012,30-34,M,25,24,1
US,2012,60-64,F,250,237,11
US,2012,70-74,F,385,362,22
US,2012,35-39,M,41,37,4
US,2012,75-79,M,561,521,38
US,2012,40-44,M,49,48,1
US,2012,65-69,M,417,382,33
US,2012,50-54,F,153,141,12
US,2012,45-49,F,72,70,2
US,2012,25-29,F,17,16,1
US,2012,5-9,M,1,1,0
US,2012,15-19,M,1,1,0
US,2012,35-39,F,22,22,0
US,2012,20-24,F,17,17,0
US,2012,0-4,F,8,8,0
US,2012,20-24,M,11,11,0
US,2012,25-29,M,25,23,2
US,2012,15-19,F,4,4,0
US,2012,10-14,M,0,0,0
US,2012,5-9,F,2,2,0
US,2012,10-14,F,1,1,0
US,2013,85+,M,1342,1212,121
US,2013,80-84,F,727,669,54
US,2013,70-74,M,486,458,27
US,2013,75-79,M,588,546,41
US,2013,85+,F,2152,1912,225
US,2013,65-69,F,326,309,15
US,2013,60-64,F,268,248,20
US,2013,20-24,F,12,11,1
US,2013,45-49,M,86,83,3
US,2013,60-64,M,342,316,25
US,2013,55-59,M,275,253,19
US,2013,65-69,M,485,446,36
US,2013,80-84,M,721,656,63
US,2013,75-79,F,521,485,35
US,2013,20-24,M,7,7,0
US,2013,45-49,F,87,78,9
US,2013,40-44,M,65,63,2
US,2013,50-54,M,180,165,13
US,2013,15-19,M,0,0,0
US,2013,50-54,F,149,135,12
US,2013,55-59,F,180,169,11
US,2013,70-74,F,439,410,26
US,2013,40-44,F,40,35,5
US,2013,15-19,F,3,3,0
US,2013,30-34,M,24,22,2
US,2013,35-39,F,32,31,1
US,2013,10-14,F,0,0,0
US,2013,25-29,M,12,12,0
US,2013,35-39,M,31,30,1
US,2013,5-9,F,1,1,0
US,2013,0-4,F,10,10,0
US,2013,0-4,M,13,13,0
US,2013,25-29,F,8,8,0
US,2013,5-9,M,0,0,0
US,2013,30-34,F,25,24,1
US,2013,10-14,M,1,1,0
US,2014,85+,M,1324,1185,133
US,2014,55-59,M,283,263,20
US,2014,75-79,F,522,485,35
US,2014,70-74,M,552,509,39
US,2014,60-64,M,378,362,15
US,2014,85+,F,2066,1859,202
US,2014,80-84,M,744,668,68
US,2014,20-24,M,10,8,2
US,2014,80-84,F,708,663,43
US,2014,65-69,F,376,352,24
US,2014,70-74,F,425,395,30
US,2014,65-69,M,494,466,26
US,2014,50-54,F,146,133,12
US,2014,45-49,M,115,107,8
US,2014,45-49,F,82,74,8
US,2014,75-79,M,631,582,45
US,2014,60-64,F,272,256,16
US,2014,30-34,M,25,25,0
US,2014,55-59,F,207,200,6
US,2014,30-34,F,17,17,0
US,2014,40-44,M,47,45,2
US,2014,20-24,F,4,4,0
US,2014,50-54,M,188,173,15
US,2014,25-29,F,14,12,2
US,2014,35-39,F,34,33,1
US,2014,15-19,M,3,3,0
US,2014,25-29,M,15,15,0
US,2014,40-44,F,44,40,4
US,2014,0-4,M,17,17,0
US,2014,35-39,M,42,39,3
US,2014,0-4,F,9,9,0
US,2014,10-14,M,3,2,1
US,2014,5-9,M,0,0,0
US,2014,15-19,F,7,6,1
US,2014,5-9,F,1,1,0
US,2014,10-14,F,0,0,0
US,2015,80-84,M,702,655,46
US,2015,70-74,M,604,561,41
US,2015,85+,F,2202,1982,206
US,2015,40-44,F,48,48,0
US,2015,75-79,M,720,657,60
US,2015,85+,M,1380,1256,116
US,2015,80-84,F,728,673,50
US,2015,65-69,F,391,371,19
US,2015,55-59,M,311,291,18
US,2015,30-34,M,26,25,1
US,2015,15-19,M,0,0,0
US,2015,45-49,M,97,87,9
US,2015,75-79,F,585,535,48
US,2015,60-64,F,298,279,18
US,2015,60-64,M,383,362,19
US,2015,65-69,M,525,490,31
US,2015,50-54,F,160,148,10
US,2015,70-74,F,441,410,31
US,2015,55-59,F,207,197,10
US,2015,25-29,F,18,15,2
US,2015,35-39,M,32,31,1
US,2015,50-54,M,190,181,8
US,2015,20-24,M,8,8,0
US,2015,15-19,F,3,3,0
US,2015,25-29,M,21,20,1
US,2015,0-4,F,9,9,0
US,2015,45-49,F,75,71,4
US,2015,30-34,F,16,16,0
US,2015,20-24,F,8,7,1
US,2015,40-44,M,46,44,2
US,2015,0-4,M,16,16,0
US,2015,35-39,F,37,33,4
US,2015,5-9,M,0,0,0
US,2015,10-14,M,0,0,0
US,2015,10-14,F,2,2,0
US,2015,5-9,F,2,2,0
US,2016,75-79,M,663,619,40
US,2016,85+,M,1474,1329,134
US,2016,55-59,M,272,260,12
US,2016,80-84,M,806,732,66
US,2016,85+,F,2262,2021,227
US,2016,70-74,M,617,581,35
US,2016,65-69,M,633,593,38
US,2016,45-49,M,121,115,5
US,2016,25-29,M,19,19,0
US,2016,60-64,F,314,295,19
US,2016,75-79,F,598,551,44
US,2016,50-54,F,147,142,5
US,2016,35-39,M,42,41,1
US,2016,70-74,F,489,451,37
US,2016,80-84,F,724,658,60
US,2016,60-64,M,429,404,24
US,2016,55-59,F,221,211,10
US,2016,30-34,M,31,30,1
US,2016,50-54,M,174,166,6
US,2016,10-14,M,2,2,0
US,2016,20-24,M,9,8,1
US,2016,65-69,F,402,378,22
US,2016,40-44,F,52,50,1
US,2016,15-19,F,1,1,0
US,2016,15-19,M,3,3,0
US,2016,35-39,F,38,35,3
US,2016,30-34,F,18,18,0
US,2016,0-4,M,12,12,0
US,2016,5-9,M,1,1,0
US,2016,40-44,M,43,43,0
US,2016,45-49,F,92,90,2
US,2016,20-24,F,8,8,0
US,2016,0-4,F,13,13,0
US,2016,25-29,F,16,15,1
US,2016,10-14,F,2,2,0
US,2016,5-9,F,0,0,0
US,2017,70-74,M,677,636,37
US,2017,55-59,M,326,310,15
US,2017,85+,M,1523,1355,160
US,2017,65-69,M,576,535,37
US,2017,85+,F,2215,1980,225
US,2017,45-49,M,102,98,4
US,2017,80-84,F,724,668,52
US,2017,50-54,F,170,162,7
US,2017,60-64,M,407,390,16
US,2017,75-79,M,740,685,51
US,2017,80-84,M,799,735,62
US,2017,65-69,F,448,427,20
US,2017,30-34,M,30,29,1
US,2017,70-74,F,532,491,41
US,2017,20-24,F,14,11,2
US,2017,35-39,F,35,32,3
US,2017,75-79,F,617,573,42
US,2017,10-14,M,0,0,0
US,2017,30-34,F,27,26,1
US,2017,25-29,F,12,12,0
US,2017,50-54,M,195,185,10
US,2017,15-19,M,4,4,0
US,2017,60-64,F,351,328,22
US,2017,55-59,F,205,196,9
US,2017,20-24,M,9,7,1
US,2017,40-44,M,56,55,1
US,2017,45-49,F,70,67,3
US,2017,25-29,M,13,13,0
US,2017,0-4,F,19,19,0
US,2017,40-44,F,44,43,1
US,2017,0-4,M,10,10,0
US,2017,35-39,M,39,37,1
US,2017,5-9,M,0,0,0
US,2017,15-19,F,3,3,0
US,2017,10-14,F,2,2,0
US,2017,5-9,F,2,2,0
US,2018,45-49,F,80,75,4
US,2018,25-29,M,13,12,1
US,2018,85+,M,1423,1297,120
US,2018,30-34,F,22,22,0
US,2018,80-84,M,850,781,65
US,2018,85+,F,2248,2023,211
US,2018,60-64,F,325,315,9
US,2018,65-69,F,479,447,31
US,2018,35-39,F,43,41,2
US,2018,75-79,F,602,564,36
US,2018,70-74,F,585,548,35
US,2018,45-49,M,95,92,2
US,2018,75-79,M,739,690,48
US,2018,35-39,M,42,41,1
US,2018,65-69,M,565,531,33
US,2018,40-44,M,65,61,4
US,2018,60-64,M,439,417,21
US,2018,70-74,M,700,666,32
US,2018,55-59,M,329,309,18
US,2018,80-84,F,767,705,56
US,2018,55-59,F,257,238,17
US,2018,50-54,M,200,186,13
US,2018,25-29,F,8,8,0
US,2018,0-4,F,4,4,0
US,2018,30-34,M,22,20,2
US,2018,15-19,F,5,4,1
US,2018,20-24,M,6,5,1
US,2018,5-9,M,0,0,0
US,2018,40-44,F,65,59,6
US,2018,0-4,M,17,17,0
US,2018,50-54,F,147,137,10
US,2018,15-19,M,3,3,0
US,2018,20-24,F,13,10,3
US,2018,10-14,M,2,2,0
US,2018,5-9,F,0,0,0
US,2018,10-14,F,3,3,0
US,2019,35-39,M,53,49,4
US,2019,60-64,F,340,323,15
US,2019,85+,F,2279,2042,226
US,2019,75-79,M,820,765,52
US,2019,60-64,M,479,455,23
US,2019,70-74,M,742,684,55
US,2019,85+,M,1503,1346,147
US,2019,80-84,M,854,783,69
US,2019,0-4,M,8,8,0
US,2019,65-69,F,410,389,19
US,2019,30-34,F,17,16,1
US,2019,75-79,F,674,633,39
US,2019,70-74,F,596,548,46
US,2019,35-39,F,46,43,3
US,2019,50-54,M,165,159,6
US,2019,50-54,F,146,133,13
US,2019,65-69,M,646,611,35
US,2019,45-49,M,112,102,9
US,2019,80-84,F,795,724,67
US,2019,55-59,F,268,251,17
US,2019,40-44,F,65,58,6
US,2019,55-59,M,306,287,18
US,2019,40-44,M,63,59,3
US,2019,0-4,F,6,6,0
US,2019,45-49,F,98,91,7
US,2019,30-34,M,30,28,2
US,2019,10-14,M,0,0,0
US,2019,25-29,M,21,17,3
US,2019,15-19,M,3,3,0
US,2019,20-24,M,5,5,0
US,2019,25-29,F,11,11,0
US,2019,20-24,F,7,7,0
US,2019,5-9,M,1,1,0
US,2019,10-14,F,3,3,0
US,2019,15-19,F,1,1,0
US,2019,5-9,F,1,1,0
US,2020,85+,F,2298,2050,240
US,2020,60-64,M,514,487,25
US,2020,35-39,F,44,42,2
US,2020,55-59,F,258,240,17
US,2020,65-69,M,707,648,54
US,2020,20-24,M,4,4,0
US,2020,75-79,M,914,842,69
US,2020,75-79,F,746,678,64
US,2020,85+,M,1616,1469,134
US,2020,70-74,F,631,595,34
US,2020,65-69,F,551,505,44
US,2020,55-59,M,357,334,22
US,2020,80-84,F,812,736,72
US,2020,45-49,F,106,103,3
US,2020,60-64,F,411,392,18
US,2020,50-54,F,176,169,6
US,2020,70-74,M,893,835,54
US,2020,5-9,M,3,3,0
US,2020,45-49,M,117,109,8
US,2020,30-34,F,30,28,2
US,2020,25-29,M,24,24,0
US,2020,80-84,M,902,829,72
US,2020,20-24,F,3,3,0
US,2020,50-54,M,210,197,12
US,2020,30-34,M,29,29,0
US,2020,35-39,M,52,50,2
US,2020,40-44,F,60,56,4
US,2020,0-4,M,9,9,0
US,2020,15-19,M,4,4,0
US,2020,40-44,M,91,88,3
US,2020,25-29,F,16,15,1
US,2020,0-4,F,7,7,0
US,2020,15-19,F,2,2,0
US,2020,10-14,M,4,4,0
US,2020,10-14,F,4,4,0
US,2020,5-9,F,1,1,0
US,2021,80-84,F,900,815,79
US,2021,65-69,M,788,730,54
US,2021,50-54,F,179,171,8
US,2021,75-79,M,1047,966,73
US,2021,85+,M,1769,1591,172
US,2021,60-64,M,582,552,28
US,2021,75-79,F,854,786,62
US,2021,80-84,M,974,889,80
US,2021,85+,F,2337,2088,236
US,2021,30-34,M,35,33,2
US,2021,55-59,M,387,366,17
US,2021,50-54,M,214,207,7
US,2021,70-74,F,817,749,62
US,2021,60-64,F,445,419,25
US,2021,65-69,F,654,607,46
US,2021,20-24,M,12,12,0
US,2021,70-74,M,1043,970,69
US,2021,55-59,F,275,261,13
US,2021,25-29,M,13,13,0
US,2021,40-44,M,70,64,6
US,2021,45-49,F,101,94,6
US,2021,40-44,F,63,59,4
US,2021,35-39,M,59,58,1
US,2021,45-49,M,144,132,10
US,2021,35-39,F,59,53,6
US,2021,15-19,M,4,4,0
US,2021,30-34,F,40,37,2
US,2021,20-24,F,3,3,0
US,2021,15-19,F,2,2,0
US,2021,0-4,M,7,7,0
US,2021,0-4,F,11,11,0
US,2021,25-29,F,16,14,1
US,2021,10-14,M,1,1,0
US,2021,5-9,M,0,0,0
US,2021,10-14,F,0,0,0
US,2021,5-9,F,0,0,0
US,2022,85+,M,1724,1580,131
US,2022,65-69,M,774,719,51
US,2022,60-64,M,581,551,29
US,2022,70-74,F,814,760,50
US,2022,85+,F,2316,2072,226
US,2022,40-44,F,88,84,4
US,2022,75-79,M,1146,1064,78
US,2022,80-84,F,947,870,71
US,2022,75-79,F,915,846,65
US,2022,50-54,M,240,228,11
US,2022,80-84,M,1023,929,86
US,2022,35-39,M,64,60,3
US,2022,20-24,M,14,12,2
US,2022,25-29,F,16,16,0
US,2022,55-59,M,427,400,25
US,2022,60-64,F,467,446,20
US,2022,45-49,F,104,98,5
US,2022,70-74,M,1034,956,76
US,2022,30-34,F,38,36,2
US,2022,65-69,F,642,606,36
US,2022,50-54,F,200,189,11
US,2022,55-59,F,313,292,19
US,2022,45-49,M,144,138,6
US,2022,40-44,M,89,87,2
US,2022,20-24,F,17,15,2
US,2022,0-4,M,16,15,1
US,2022,0-4,F,15,15,0
US,2022,25-29,M,23,22,1
US,2022,35-39,F,55,54,1
US,2022,30-34,M,39,38,1
US,2022,15-19,M,6,6,0
US,2022,15-19,F,3,3,0
US,2022,10-14,M,2,2,0
US,2022,10-14,F,0,0,0
US,2022,5-9,F,0,0,0
US,2022,5-9,M,0,0,0
US,2023,65-69,F,673,621,48
US,2023,70-74,F,857,798,56
US,2023,50-54,F,169,164,5
US,2023,55-59,M,360,340,20
US,2023,85+,M,1748,1591,154
US,2023,85+,F,2371,2113,247
US,2023,80-84,F,986,912,71
US,2023,75-79,F,972,889,78
US,2023,75-79,M,1138,1056,81
US,2023,80-84,M,1128,1046,77
US,2023,65-69,M,792,746,45
US,2023,45-49,M,120,114,6
US,2023,60-64,F,492,462,29
US,2023,40-44,F,75,73,2
US,2023,70-74,M,974,908,65
US,2023,15-19,M,1,1,0
US,2023,60-64,M,546,523,22
US,2023,0-4,M,19,19,0
US,2023,35-39,M,57,53,4
US,2023,55-59,F,277,264,13
US,2023,20-24,F,10,10,0
US,2023,25-29,M,19,17,2
US,2023,30-34,M,43,41,2
US,2023,45-49,F,118,112,6
US,2023,30-34,F,31,30,1
US,2023,10-14,M,0,0,0
US,2023,40-44,M,64,59,5
US,2023,50-54,M,212,194,16
US,2023,20-24,M,7,6,1
US,2023,25-29,F,19,19,0
US,2023,35-39,F,44,42,2
US,2023,0-4,F,6,6,0
US,2023,15-19,F,1,1,0
US,2023,5-9,M,0,0,0
US,2023,5-9,F,2,2,0
US,2023,10-14,F,1,1,0
US,2024,70-74,M,1031,974,56
US,2024,85+,M,1690,1521,161
US,2024,70-74,F,874,821,52
US,2024,75-79,M,1247,1144,97
US,2024,50-54,M,248,231,16
US,2024,80-84,F,1059,957,96
US,2024,60-64,M,603,573,28
US,2024,65-69,M,752,713,39
US,2024,80-84,M,1134,1049,82
US,2024,85+,F,2426,2204,210
US,2024,25-29,M,29,26,2
US,2024,40-44,M,113,106,7
US,2024,65-69,F,674,636,36
US,2024,75-79,F,1001,937,62
US,2024,55-59,F,283,270,11
US,2024,40-44,F,91,88,3
US,2024,35-39,F,51,46,4
US,2024,60-64,F,504,477,24
US,2024,55-59,M,392,374,17
US,2024,50-54,F,175,164,9
US,2024,45-49,M,115,112,3
US,2024,35-39,M,57,55,2
US,2024,45-49,F,93,91,2
US,2024,20-24,M,7,7,0
US,2024,10-14,M,2,2,0
US,2024,5-9,F,0,0,0
US,2024,25-29,F,23,21,2
US,2024,15-19,M,10,10,0
US,2024,30-34,F,30,29,1
US,2024,30-34,M,50,48,2
US,2024,0-4,M,29,29,0
US,2024,0-4,F,13,13,0
US,2024,20-24,F,10,10,0
US,2024,15-19,F,2,2,0
US,2024,10-14,F,0,0,0
US,2024,5-9,M,2,2,0
BR,2012,60-64,F,415,383,31
BR,2012,70-74,M,495,456,37
BR,2012,85+,F,1085,964,115
BR,2012,85+,M,568,503,62
BR,2012,40-44,M,112,105,7
BR,2012,65-69,F,517,461,56
BR,2012,65-69,M,402,373,29
BR,2012,80-84,M,484,442,42
BR,2012,50-54,F,281,255,26
BR,2012,0-4,M,20,20,0
BR,2012,20-24,M,11,11,0
BR,2012,50-54,M,198,189,9
BR,2012,75-79,M,516,466,49
BR,2012,30-34,M,44,40,4
BR,2012,0-4,F,17,17,0
BR,2012,80-84,F,800,698,95
BR,2012,10-14,M,5,5,0
BR,2012,15-19,M,11,11,0
BR,2012,60-64,M,341,316,25
BR,2012,75-79,F,713,652,59
BR,2012,5-9,M,3,3,0
BR,2012,70-74,F,601,536,59
BR,2012,55-59,M,294,274,20
BR,2012,35-39,M,59,54,4
BR,2012,30-34,F,67,63,4
BR,2012,15-19,F,13,10,3
BR,2012,25-29,M,20,18,2
BR,2012,40-44,F,127,120,7
BR,2012,55-59,F,328,308,20
BR,2012,45-49,M,156,148,8
BR,2012,25-29,F,44,40,4
BR,2012,35-39,F,93,84,9
BR,2012,45-49,F,202,187,14
BR,2012,10-14,F,6,5,1
BR,2012,20-24,F,24,22,2
BR,2012,5-9,F,1,1,0
BR,2013,60-64,M,396,371,25
BR,2013,75-79,M,538,496,41
BR,2013,0-4,M,24,23,1
BR,2013,35-39,M,51,48,3
BR,2013,45-49,M,147,135,12
BR,2013,80-84,F,733,659,74
BR,2013,10-14,M,3,3,0
BR,2013,15-19,F,12,11,1
BR,2013,85+,M,536,483,51
BR,2013,75-79,F,702,627,72
BR,2013,85+,F,1160,1031,126
BR,2013,55-59,M,330,309,21
BR,2013,0-4,F,18,18,0
BR,2013,70-74,M,484,448,35
BR,2013,65-69,M,411,367,43
BR,2013,45-49,F,209,183,24
BR,2013,30-34,M,51,47,4
BR,2013,80-84,M,495,442,50
BR,2013,70-74,F,674,606,65
BR,2013,50-54,M,188,175,13
BR,2013,15-19,M,18,16,2
BR,2013,50-54,F,268,247,21
BR,2013,60-64,F,442,396,43
BR,2013,65-69,F,556,506,49
BR,2013,25-29,M,28,25,3
BR,2013,30-34,F,80,71,8
BR,2013,25-29,F,52,48,4
BR,2013,55-59,F,375,342,32
BR,2013,40-44,F,120,113,7
BR,2013,35-39,F,97,87,10
BR,2013,40-44,M,108,103,5
BR,2013,5-9,M,4,4,0
BR,2013,20-24,F,22,22,0
BR,2013,10-14,F,4,4,0
BR,2013,5-9,F,4,4,0
BR,2013,20-24,M,11,11,0
BR,2014,35-39,M,69,64,5
BR,2014,25-29,M,23,23,0
BR,2014,0-4,M,21,21,0
BR,2014,70-74,M,501,454,47
BR,2014,70-74,F,607,541,62
BR,2014,55-59,F,389,361,28
BR,2014,85+,F,1200,1059,138
BR,2014,85+,M,586,521,62
BR,2014,75-79,M,575,519,53
BR,2014,0-4,F,19,18,1
BR,2014,40-44,M,96,85,11
BR,2014,80-84,F,711,640,70
BR,2014,75-79,F,749,678,71
BR,2014,30-34,M,39,35,4
BR,2014,15-19,M,7,7,0
BR,2014,60-64,M,387,362,24
BR,2014,45-49,M,160,146,14
BR,2014,50-54,F,273,245,27
BR,2014,45-49,F,211,192,19
BR,2014,65-69,M,460,422,35
BR,2014,80-84,M,539,483,53
BR,2014,40-44,F,134,116,18
BR,2014,50-54,M,219,201,17
BR,2014,65-69,F,580,531,46
BR,2014,25-29,F,44,41,3
BR,2014,55-59,M,341,317,24
BR,2014,20-24,M,20,17,3
BR,2014,10-14,M,4,4,0
BR,2014,30-34,F,67,60,7
BR,2014,60-64,F,430,398,30
BR,2014,15-19,F,14,13,1
BR,2014,5-9,F,2,1,1
BR,2014,5-9,M,1,1,0
BR,2014,10-14,F,3,3,0
BR,2014,35-39,F,89,83,5
BR,2014,20-24,F,43,38,4
BR,2015,65-69,F,551,507,43
BR,2015,80-84,M,473,424,49
BR,2015,50-54,M,240,222,18
BR,2015,80-84,F,758,684,71
BR,2015,25-29,F,41,36,5
BR,2015,30-34,M,57,53,4
BR,2015,85+,M,618,552,63
BR,2015,85+,F,1304,1164,132
BR,2015,65-69,M,455,421,32
BR,2015,55-59,M,313,288,25
BR,2015,70-74,M,566,506,60
BR,2015,10-14,M,2,2,0
BR,2015,50-54,F,281,259,21
BR,2015,75-79,M,558,510,47
BR,2015,0-4,F,16,16,0
BR,2015,70-74,F,583,523,60
BR,2015,0-4,M,30,30,0
BR,2015,45-49,F,219,192,26
BR,2015,40-44,F,131,117,14
BR,2015,30-34,F,69,62,6
BR,2015,40-44,M,116,112,4
BR,2015,60-64,M,391,363,27
BR,2015,20-24,M,15,14,1
BR,2015,45-49,M,148,139,9
BR,2015,75-79,F,758,685,71
BR,2015,10-14,F,10,8,2
BR,2015,60-64,F,460,429,30
BR,2015,15-19,M,4,4,0
BR,2015,55-59,F,359,337,21
BR,2015,35-39,M,78,71,7
BR,2015,25-29,M,34,30,4
BR,2015,15-19,F,19,19,0
BR,2015,5-9,F,0,0,0
BR,2015,35-39,F,99,91,8
BR,2015,20-24,F,30,29,1
BR,2015,5-9,M,2,2,0
BR,2016,25-29,M,26,25,1
BR,2016,10-14,F,1,1,0
BR,2016,30-34,M,53,50,3
BR,2016,55-59,M,331,296,31
BR,2016,0-4,F,20,20,0
BR,2016,40-44,M,108,102,6
BR,2016,45-49,M,182,167,15
BR,2016,35-39,M,58,58,0
BR,2016,55-59,F,373,345,28
BR,2016,75-79,M,509,479,30
BR,2016,65-69,F,578,537,41
BR,2016,70-74,M,556,513,43
BR,2016,80-84,M,502,447,53
BR,2016,60-64,M,485,445,38
BR,2016,75-79,F,730,664,65
BR,2016,60-64,F,481,444,37
BR,2016,65-69,M,537,503,32
BR,2016,85+,F,1305,1155,145
BR,2016,40-44,F,144,134,10
BR,2016,80-84,F,804,704,94
BR,2016,85+,M,636,560,75
BR,2016,0-4,M,30,30,0
BR,2016,50-54,M,218,203,14
BR,2016,15-19,M,10,8,2
BR,2016,30-34,F,66,61,5
BR,2016,70-74,F,634,571,61
BR,2016,35-39,F,99,88,11
BR,2016,5-9,M,1,1,0
BR,2016,50-54,F,283,255,26
BR,2016,45-49,F,203,185,18
BR,2016,20-24,M,21,17,3
BR,2016,15-19,F,5,5,0
BR,2016,20-24,F,40,37,3
BR,2016,10-14,M,1,1,0
BR,2016,5-9,F,2,2,0
BR,2016,25-29,F,53,50,3
BR,2017,20-24,M,18,16,2
BR,2017,0-4,M,32,32,0
BR,2017,80-84,F,822,723,96
BR,2017,15-19,M,8,8,0
BR,2017,50-54,F,313,290,21
BR,2017,70-74,F,666,611,53
BR,2017,60-64,M,442,415,27
BR,2017,0-4,F,23,23,0
BR,2017,85+,F,1341,1177,161
BR,2017,45-49,M,172,154,18
BR,2017,75-79,F,819,743,74
BR,2017,85+,M,665,597,66
BR,2017,55-59,F,370,340,29
BR,2017,65-69,M,558,504,50
BR,2017,45-49,F,206,189,16
BR,2017,75-79,M,638,579,58
BR,2017,25-29,M,23,22,1
BR,2017,70-74,M,566,512,53
BR,2017,30-34,M,54,49,5
BR,2017,35-39,M,76,70,6
BR,2017,55-59,M,335,311,24
BR,2017,50-54,M,229,213,16
BR,2017,80-84,M,553,499,49
BR,2017,25-29,F,45,41,4
BR,2017,40-44,M,96,92,4
BR,2017,40-44,F,150,136,13
BR,2017,65-69,F,636,567,67
BR,2017,5-9,F,1,1,0
BR,2017,60-64,F,522,470,50
BR,2017,35-39,F,99,91,8
BR,2017,20-24,F,25,22,3
BR,2017,15-19,F,10,9,1
BR,2017,30-34,F,88,75,13
BR,2017,10-14,M,2,2,0
BR,2017,10-14,F,4,4,0
BR,2017,5-9,M,2,2,0
BR,2018,50-54,M,232,216,16
BR,2018,0-4,F,23,22,1
BR,2018,85+,M,754,675,77
BR,2018,85+,F,1381,1223,155
BR,2018,75-79,M,645,583,59
BR,2018,80-84,F,799,720,79
BR,2018,35-39,F,92,85,7
BR,2018,60-64,M,443,412,31
BR,2018,0-4,M,39,38,1
BR,2018,55-59,F,396,364,31
BR,2018,80-84,M,617,555,58
BR,2018,65-69,M,558,505,52
BR,2018,10-14,F,3,3,0
BR,2018,55-59,M,337,320,17
BR,2018,65-69,F,616,563,53
BR,2018,70-74,M,623,561,59
BR,2018,10-14,M,4,4,0
BR,2018,40-44,F,136,123,12
BR,2018,40-44,M,102,94,8
BR,2018,70-74,F,723,653,67
BR,2018,20-24,M,14,13,1
BR,2018,75-79,F,738,661,75
BR,2018,35-39,M,80,69,10
BR,2018,30-34,M,42,37,4
BR,2018,25-29,F,37,35,2
BR,2018,60-64,F,504,464,40
BR,2018,50-54,F,310,282,28
BR,2018,45-49,F,197,181,16
BR,2018,20-24,F,40,35,5
BR,2018,15-19,M,11,9,2
BR,2018,25-29,M,24,23,1
BR,2018,15-19,F,16,15,1
BR,2018,45-49,M,142,132,10
BR,2018,5-9,F,1,1,0
BR,2018,30-34,F,61,55,6
BR,2018,5-9,M,0,0,0
BR,2019,55-59,M,364,334,28
BR,2019,80-84,F,832,738,89
BR,2019,70-74,F,733,651,79
BR,2019,45-49,M,158,143,15
BR,2019,85+,M,772,690,79
BR,2019,65-69,M,553,510,41
BR,2019,75-79,F,795,710,84
BR,2019,40-44,M,99,95,4
BR,2019,25-29,F,42,39,3
BR,2019,75-79,M,726,652,72
BR,2019,20-24,M,16,16,0
BR,2019,60-64,M,460,426,32
BR,2019,85+,F,1501,1330,165
BR,2019,80-84,M,597,535,60
BR,2019,0-4,F,25,25,0
BR,2019,65-69,F,653,590,62
BR,2019,50-54,F,283,258,23
BR,2019,0-4,M,32,31,1
BR,2019,70-74,M,614,564,49
BR,2019,35-39,M,97,91,6
BR,2019,55-59,F,419,389,29
BR,2019,25-29,M,34,33,1
BR,2019,15-19,M,8,8,0
BR,2019,40-44,F,171,145,24
BR,2019,50-54,M,278,254,22
BR,2019,60-64,F,538,498,40
BR,2019,20-24,F,24,23,1
BR,2019,30-34,M,41,40,1
BR,2019,45-49,F,223,199,22
BR,2019,35-39,F,124,109,14
BR,2019,10-14,M,5,5,0
BR,2019,15-19,F,13,12,1
BR,2019,30-34,F,67,59,8
BR,2019,10-14,F,3,3,0
BR,2019,5-9,M,5,5,0
BR,2019,5-9,F,0,0,0
BR,2020,85+,M,757,673,82
BR,2020,65-69,F,636,584,51
BR,2020,55-59,F,373,340,31
BR,2020,75-79,F,716,659,55
BR,2020,80-84,F,827,742,85
BR,2020,50-54,F,302,283,18
BR,2020,85+,F,1303,1158,141
BR,2020,50-54,M,203,187,16
BR,2020,45-49,M,156,146,10
BR,2020,30-34,M,46,43,3
BR,2020,55-59,M,377,351,25
BR,2020,45-49,F,216,198,18
BR,2020,70-74,F,648,593,52
BR,2020,60-64,M,461,429,32
BR,2020,65-69,M,542,515,27
BR,2020,70-74,M,624,579,44
BR,2020,40-44,M,117,112,5
BR,2020,0-4,F,20,20,0
BR,2020,0-4,M,19,19,0
BR,2020,75-79,M,622,570,52
BR,2020,10-14,F,2,2,0
BR,2020,80-84,M,617,543,73
BR,2020,35-39,F,119,108,11
BR,2020,30-34,F,70,64,6
BR,2020,15-19,F,13,11,2
BR,2020,40-44,F,162,150,11
BR,2020,5-9,M,0,0,0
BR,2020,20-24,M,14,13,1
BR,2020,25-29,M,28,26,2
BR,2020,15-19,M,6,6,0
BR,2020,5-9,F,2,2,0
BR,2020,35-39,M,72,67,5
BR,2020,60-64,F,571,526,43
BR,2020,25-29,F,41,38,3
BR,2020,10-14,M,1,1,0
BR,2020,20-24,F,39,32,6
BR,2021,55-59,M,380,362,18
BR,2021,50-54,M,297,274,21
BR,2021,60-64,F,513,478,35
BR,2021,20-24,M,20,20,0
BR,2021,0-4,M,18,18,0
BR,2021,75-79,M,658,605,50
BR,2021,85+,M,763,692,70
BR,2021,65-69,F,685,625,59
BR,2021,60-64,M,534,486,45
BR,2021,80-84,F,853,757,93
BR,2021,80-84,M,577,531,42
BR,2021,45-49,M,191,174,16
BR,2021,85+,F,1501,1322,174
BR,2021,55-59,F,445,413,30
BR,2021,75-79,F,785,703,81
BR,2021,70-74,F,790,705,83
BR,2021,30-34,M,54,52,2
BR,2021,25-29,M,36,34,2
BR,2021,70-74,M,673,625,48
BR,2021,40-44,M,135,127,8
BR,2021,15-19,F,8,8,0
BR,2021,40-44,F,171,160,11
BR,2021,65-69,M,662,616,46
BR,2021,50-54,F,294,267,27
BR,2021,45-49,F,236,218,18
BR,2021,35-39,F,120,113,7
BR,2021,10-14,M,6,6,0
BR,2021,35-39,M,105,96,8
BR,2021,0-4,F,19,19,0
BR,2021,30-34,F,81,76,5
BR,2021,25-29,F,76,69,7
BR,2021,15-19,M,9,8,1
BR,2021,10-14,F,3,3,0
BR,2021,5-9,F,2,2,0
BR,2021,20-24,F,27,26,1
BR,2021,5-9,M,3,2,1
BR,2022,85+,F,1609,1427,175
BR,2022,70-74,F,819,743,71
BR,2022,65-69,M,655,606,49
BR,2022,80-84,M,642,588,53
BR,2022,65-69,F,750,698,50
BR,2022,85+,M,793,706,86
BR,2022,60-64,F,571,525,45
BR,2022,75-79,M,742,671,70
BR,2022,55-59,M,428,399,29
BR,2022,45-49,F,240,218,22
BR,2022,50-54,F,339,313,26
BR,2022,60-64,M,573,535,38
BR,2022,0-4,M,29,29,0
BR,2022,75-79,F,866,783,83
BR,2022,50-54,M,294,280,14
BR,2022,70-74,M,779,721,57
BR,2022,45-49,M,204,196,8
BR,2022,80-84,F,903,799,101
BR,2022,25-29,M,35,32,3
BR,2022,35-39,M,98,88,10
BR,2022,55-59,F,449,419,28
BR,2022,40-44,M,155,143,12
BR,2022,35-39,F,151,134,15
BR,2022,10-14,F,9,7,2
BR,2022,0-4,F,26,26,0
BR,2022,30-34,M,63,59,4
BR,2022,20-24,M,15,15,0
BR,2022,15-19,M,7,7,0
BR,2022,30-34,F,85,81,4
BR,2022,5-9,M,0,0,0
BR,2022,40-44,F,178,164,12
BR,2022,25-29,F,40,35,5
BR,2022,15-19,F,12,11,1
BR,2022,10-14,M,3,3,0
BR,2022,20-24,F,29,26,3
BR,2022,5-9,F,2,2,0
BR,2023,65-69,M,781,720,59
BR,2023,70-74,F,935,846,84
BR,2023,75-79,F,878,797,81
BR,2023,45-49,F,283,257,24
BR,2023,75-79,M,809,737,70
BR,2023,85+,M,871,784,84
BR,2023,35-39,F,126,113,11
BR,2023,85+,F,1638,1458,178
BR,2023,40-44,F,203,190,13
BR,2023,80-84,M,687,625,62
BR,2023,55-59,F,551,492,55
BR,2023,50-54,M,311,289,20
BR,2023,65-69,F,791,736,53
BR,2023,45-49,M,186,174,12
BR,2023,50-54,F,378,353,24
BR,2023,60-64,M,601,565,36
BR,2023,80-84,F,934,846,87
BR,2023,5-9,M,3,3,0
BR,2023,40-44,M,149,140,8
BR,2023,0-4,M,30,30,0
BR,2023,30-34,M,51,50,1
BR,2023,20-24,M,25,21,4
BR,2023,55-59,M,426,392,33
BR,2023,60-64,F,678,626,50
BR,2023,15-19,F,18,17,1
BR,2023,15-19,M,16,15,1
BR,2023,70-74,M,826,753,70
BR,2023,35-39,M,85,83,2
BR,2023,30-34,F,70,63,6
BR,2023,25-29,F,72,62,9
BR,2023,25-29,M,38,35,3
BR,2023,0-4,F,28,27,1
BR,2023,20-24,F,29,28,1
BR,2023,10-14,F,6,6,0
BR,2023,10-14,M,3,3,0
BR,2023,5-9,F,3,3,0
BR,2024,75-79,M,881,807,72
BR,2024,85+,F,1793,1566,223
BR,2024,80-84,F,1055,942,109
BR,2024,70-74,F,905,841,63
BR,2024,45-49,M,218,206,12
BR,2024,30-34,M,64,58,6
BR,2024,60-64,M,634,581,49
BR,2024,80-84,M,688,633,54
BR,2024,15-19,F,10,10,0
BR,2024,75-79,F,974,895,77
BR,2024,55-59,F,506,477,29
BR,2024,40-44,M,146,134,12
BR,2024,60-64,F,667,616,51
BR,2024,70-74,M,868,800,66
BR,2024,65-69,M,764,715,47
BR,2024,40-44,F,180,168,12
BR,2024,0-4,F,29,29,0
BR,2024,85+,M,863,779,80
BR,2024,65-69,F,849,788,60
BR,2024,35-39,M,94,84,10
BR,2024,55-59,M,519,472,46
BR,2024,50-54,F,379,335,42
BR,2024,25-29,M,36,36,0
BR,2024,50-54,M,324,298,25
BR,2024,35-39,F,134,122,12
BR,2024,20-24,M,23,22,1
BR,2024,45-49,F,300,277,21
BR,2024,15-19,M,9,8,1
BR,2024,0-4,M,22,22,0
BR,2024,30-34,F,70,66,4
BR,2024,10-14,M,6,6,0
BR,2024,20-24,F,33,31,2
BR,2024,5-9,F,3,3,0
BR,2024,10-14,F,6,6,0
BR,2024,25-29,F,44,39,5
BR,2024,5-9,M,1,1,0
