country,year,age_group,sex,ucd,any_common,sum_subcode_mentions,n_records,ucd_frozen,any_common_frozen,ucd_abs_diff,any_common_abs_diff,ucd_match,any_common_match
BR,2012,0-4,F,8,17,17,19073,8,17,0,0,TRUE,TRUE
BR,2012,0-4,M,12,20,20,23542,12,20,0,0,TRUE,TRUE
BR,2012,10-14,F,3,5,6,2124,3,5,0,0,TRUE,TRUE
BR,2012,10-14,M,1,5,5,3586,1,5,0,0,TRUE,TRUE
BR,2012,15-19,F,5,10,13,4170,5,10,0,0,TRUE,TRUE
BR,2012,15-19,M,3,11,11,17099,3,11,0,0,TRUE,TRUE
BR,2012,20-24,F,16,22,24,4912,16,22,0,0,TRUE,TRUE
BR,2012,20-24,M,4,11,11,23161,4,11,0,0,TRUE,TRUE
BR,2012,25-29,F,27,40,44,5946,27,40,0,0,TRUE,TRUE
BR,2012,25-29,M,10,18,20,22511,10,18,0,0,TRUE,TRUE
BR,2012,30-34,F,42,63,67,8048,42,63,0,0,TRUE,TRUE
BR,2012,30-34,M,22,40,44,23204,22,40,0,0,TRUE,TRUE
BR,2012,35-39,F,51,84,93,9769,51,84,0,0,TRUE,TRUE
BR,2012,35-39,M,25,54,59,23511,25,54,0,0,TRUE,TRUE
BR,2012,40-44,F,75,120,127,13409,75,120,0,0,TRUE,TRUE
BR,2012,40-44,M,59,105,112,27155,59,105,0,0,TRUE,TRUE
BR,2012,45-49,F,94,187,202,18549,94,187,0,0,TRUE,TRUE
BR,2012,45-49,M,73,148,156,34416,73,148,0,0,TRUE,TRUE
BR,2012,5-9,F,1,1,1,1703,1,1,0,0,TRUE,TRUE
BR,2012,5-9,M,0,3,3,2246,0,3,0,0,TRUE,TRUE
BR,2012,50-54,F,137,255,281,24148,137,255,0,0,TRUE,TRUE
BR,2012,50-54,M,88,189,198,41939,88,189,0,0,TRUE,TRUE
BR,2012,55-59,F,148,308,328,29892,148,308,0,0,TRUE,TRUE
BR,2012,55-59,M,138,274,294,49390,138,274,0,0,TRUE,TRUE
BR,2012,60-64,F,207,383,415,35651,207,383,0,0,TRUE,TRUE
BR,2012,60-64,M,169,316,341,54585,169,316,0,0,TRUE,TRUE
BR,2012,65-69,F,271,461,517,41484,271,461,0,0,TRUE,TRUE
BR,2012,65-69,M,188,373,402,58403,188,373,0,0,TRUE,TRUE
BR,2012,70-74,F,302,536,601,49935,302,536,0,0,TRUE,TRUE
BR,2012,70-74,M,251,456,495,63162,251,456,0,0,TRUE,TRUE
BR,2012,75-79,F,396,652,713,58962,396,652,0,0,TRUE,TRUE
BR,2012,75-79,M,253,466,516,64098,253,466,0,0,TRUE,TRUE
BR,2012,80-84,F,451,698,800,66233,451,698,0,0,TRUE,TRUE
BR,2012,80-84,M,266,442,484,59624,266,442,0,0,TRUE,TRUE
BR,2012,85+,F,626,964,1085,114216,626,964,0,0,TRUE,TRUE
BR,2012,85+,M,343,503,568,74594,343,503,0,0,TRUE,TRUE
BR,2013,0-4,F,3,18,18,18895,3,18,0,0,TRUE,TRUE
BR,2013,0-4,M,10,23,24,23499,10,23,0,0,TRUE,TRUE
BR,2013,10-14,F,1,4,4,2024,1,4,0,0,TRUE,TRUE
BR,2013,10-14,M,1,3,3,3401,1,3,0,0,TRUE,TRUE
BR,2013,15-19,F,4,11,12,4134,4,11,0,0,TRUE,TRUE
BR,2013,15-19,M,10,16,18,17308,10,16,0,0,TRUE,TRUE
BR,2013,20-24,F,8,22,22,4658,8,22,0,0,TRUE,TRUE
BR,2013,20-24,M,5,11,11,22430,5,11,0,0,TRUE,TRUE
BR,2013,25-29,F,24,48,52,5879,24,48,0,0,TRUE,TRUE
BR,2013,25-29,M,14,25,28,22131,14,25,0,0,TRUE,TRUE
BR,2013,30-34,F,49,71,80,8030,49,71,0,0,TRUE,TRUE
BR,2013,30-34,M,28,47,51,22807,28,47,0,0,TRUE,TRUE
BR,2013,35-39,F,49,87,97,9879,49,87,0,0,TRUE,TRUE
BR,2013,35-39,M,26,48,51,23670,26,48,0,0,TRUE,TRUE
BR,2013,40-44,F,69,113,120,13261,69,113,0,0,TRUE,TRUE
BR,2013,40-44,M,57,103,108,26982,57,103,0,0,TRUE,TRUE
BR,2013,45-49,F,112,183,209,18925,112,183,0,0,TRUE,TRUE
BR,2013,45-49,M,70,135,147,34367,70,135,0,0,TRUE,TRUE
BR,2013,5-9,F,2,4,4,1555,2,4,0,0,TRUE,TRUE
BR,2013,5-9,M,1,4,4,2168,1,4,0,0,TRUE,TRUE
BR,2013,50-54,F,121,247,268,24161,121,247,0,0,TRUE,TRUE
BR,2013,50-54,M,92,175,188,43002,92,175,0,0,TRUE,TRUE
BR,2013,55-59,F,189,342,375,30988,189,342,0,0,TRUE,TRUE
BR,2013,55-59,M,150,309,330,51116,150,309,0,0,TRUE,TRUE
BR,2013,60-64,F,214,396,442,36480,214,396,0,0,TRUE,TRUE
BR,2013,60-64,M,188,371,396,56308,188,371,0,0,TRUE,TRUE
BR,2013,65-69,F,284,506,556,42895,284,506,0,0,TRUE,TRUE
BR,2013,65-69,M,193,367,411,60058,193,367,0,0,TRUE,TRUE
BR,2013,70-74,F,378,606,674,50939,378,606,0,0,TRUE,TRUE
BR,2013,70-74,M,241,448,484,65255,241,448,0,0,TRUE,TRUE
BR,2013,75-79,F,384,627,702,60466,384,627,0,0,TRUE,TRUE
BR,2013,75-79,M,309,496,538,66388,309,496,0,0,TRUE,TRUE
BR,2013,80-84,F,421,659,733,67288,421,659,0,0,TRUE,TRUE
BR,2013,80-84,M,298,442,495,61197,298,442,0,0,TRUE,TRUE
BR,2013,85+,F,663,1031,1160,121024,663,1031,0,0,TRUE,TRUE
BR,2013,85+,M,325,483,536,80040,325,483,0,0,TRUE,TRUE
BR,2014,0-4,F,6,18,19,18484,6,18,0,0,TRUE,TRUE
BR,2014,0-4,M,8,21,21,23153,8,21,0,0,TRUE,TRUE
BR,2014,10-14,F,2,3,3,1974,2,3,0,0,TRUE,TRUE
BR,2014,10-14,M,2,4,4,3351,2,4,0,0,TRUE,TRUE
BR,2014,15-19,F,8,13,14,3927,8,13,0,0,TRUE,TRUE
BR,2014,15-19,M,6,7,7,18192,6,7,0,0,TRUE,TRUE
BR,2014,20-24,F,19,38,43,4669,19,38,0,0,TRUE,TRUE
BR,2014,20-24,M,8,17,20,23356,8,17,0,0,TRUE,TRUE
BR,2014,25-29,F,20,41,44,5869,20,41,0,0,TRUE,TRUE
BR,2014,25-29,M,10,23,23,22272,10,23,0,0,TRUE,TRUE
BR,2014,30-34,F,43,60,67,7974,43,60,0,0,TRUE,TRUE
BR,2014,30-34,M,13,35,39,23202,13,35,0,0,TRUE,TRUE
BR,2014,35-39,F,42,83,89,10155,42,83,0,0,TRUE,TRUE
BR,2014,35-39,M,37,64,69,23679,37,64,0,0,TRUE,TRUE
BR,2014,40-44,F,82,116,134,12954,82,116,0,0,TRUE,TRUE
BR,2014,40-44,M,43,85,96,26512,43,85,0,0,TRUE,TRUE
BR,2014,45-49,F,109,192,211,18193,109,192,0,0,TRUE,TRUE
BR,2014,45-49,M,79,146,160,33541,79,146,0,0,TRUE,TRUE
BR,2014,5-9,F,1,1,2,1531,1,1,0,0,TRUE,TRUE
BR,2014,5-9,M,0,1,1,2098,0,1,0,0,TRUE,TRUE
BR,2014,50-54,F,149,245,273,24210,149,245,0,0,TRUE,TRUE
BR,2014,50-54,M,100,201,219,42616,100,201,0,0,TRUE,TRUE
BR,2014,55-59,F,205,361,389,30860,205,361,0,0,TRUE,TRUE
BR,2014,55-59,M,154,317,341,51515,154,317,0,0,TRUE,TRUE
BR,2014,60-64,F,218,398,430,37153,218,398,0,0,TRUE,TRUE
BR,2014,60-64,M,180,362,387,57842,180,362,0,0,TRUE,TRUE
BR,2014,65-69,F,316,531,580,43452,316,531,0,0,TRUE,TRUE
BR,2014,65-69,M,234,422,460,61437,234,422,0,0,TRUE,TRUE
BR,2014,70-74,F,323,541,607,51231,323,541,0,0,TRUE,TRUE
BR,2014,70-74,M,273,454,501,65541,273,454,0,0,TRUE,TRUE
BR,2014,75-79,F,372,678,749,62402,372,678,0,0,TRUE,TRUE
BR,2014,75-79,M,320,519,575,67569,320,519,0,0,TRUE,TRUE
BR,2014,80-84,F,412,640,711,68202,412,640,0,0,TRUE,TRUE
BR,2014,80-84,M,313,483,539,61099,313,483,0,0,TRUE,TRUE
BR,2014,85+,F,699,1059,1200,127509,699,1059,0,0,TRUE,TRUE
BR,2014,85+,M,348,521,586,82547,348,521,0,0,TRUE,TRUE
BR,2015,0-4,F,4,16,16,17956,4,16,0,0,TRUE,TRUE
BR,2015,0-4,M,10,30,30,22209,10,30,0,0,TRUE,TRUE
BR,2015,10-14,F,4,8,10,1846,4,8,0,0,TRUE,TRUE
BR,2015,10-14,M,0,2,2,3046,0,2,0,0,TRUE,TRUE
BR,2015,15-19,F,10,19,19,3876,10,19,0,0,TRUE,TRUE
BR,2015,15-19,M,0,4,4,17480,0,4,0,0,TRUE,TRUE
BR,2015,20-24,F,18,29,30,4613,18,29,0,0,TRUE,TRUE
BR,2015,20-24,M,10,14,15,22662,10,14,0,0,TRUE,TRUE
BR,2015,25-29,F,26,36,41,5572,26,36,0,0,TRUE,TRUE
BR,2015,25-29,M,22,30,34,21482,22,30,0,0,TRUE,TRUE
BR,2015,30-34,F,34,62,69,7763,34,62,0,0,TRUE,TRUE
BR,2015,30-34,M,26,53,57,22309,26,53,0,0,TRUE,TRUE
BR,2015,35-39,F,55,91,99,10418,55,91,0,0,TRUE,TRUE
BR,2015,35-39,M,38,71,78,23689,38,71,0,0,TRUE,TRUE
BR,2015,40-44,F,67,117,131,13164,67,117,0,0,TRUE,TRUE
BR,2015,40-44,M,66,112,116,26372,66,112,0,0,TRUE,TRUE
BR,2015,45-49,F,109,192,219,18076,109,192,0,0,TRUE,TRUE
BR,2015,45-49,M,71,139,148,33367,71,139,0,0,TRUE,TRUE
BR,2015,5-9,F,0,0,0,1445,0,0,0,0,TRUE,TRUE
BR,2015,5-9,M,0,2,2,1821,0,2,0,0,TRUE,TRUE
BR,2015,50-54,F,131,259,281,25069,131,259,0,0,TRUE,TRUE
BR,2015,50-54,M,116,222,240,43240,116,222,0,0,TRUE,TRUE
BR,2015,55-59,F,192,337,359,31891,192,337,0,0,TRUE,TRUE
BR,2015,55-59,M,156,288,313,52114,156,288,0,0,TRUE,TRUE
BR,2015,60-64,F,256,429,460,38922,256,429,0,0,TRUE,TRUE
BR,2015,60-64,M,187,363,391,59660,187,363,0,0,TRUE,TRUE
BR,2015,65-69,F,291,507,551,46174,291,507,0,0,TRUE,TRUE
BR,2015,65-69,M,237,421,455,64832,237,421,0,0,TRUE,TRUE
BR,2015,70-74,F,317,523,583,52909,317,523,0,0,TRUE,TRUE
BR,2015,70-74,M,290,506,566,66785,290,506,0,0,TRUE,TRUE
BR,2015,75-79,F,422,685,758,65423,422,685,0,0,TRUE,TRUE
BR,2015,75-79,M,319,510,558,71028,319,510,0,0,TRUE,TRUE
BR,2015,80-84,F,457,684,758,70167,457,684,0,0,TRUE,TRUE
BR,2015,80-84,M,273,424,473,63522,273,424,0,0,TRUE,TRUE
BR,2015,85+,F,799,1164,1304,137478,799,1164,0,0,TRUE,TRUE
BR,2015,85+,M,376,552,618,89401,376,552,0,0,TRUE,TRUE
BR,2016,0-4,F,8,20,20,17619,8,20,0,0,TRUE,TRUE
BR,2016,0-4,M,7,30,30,22072,7,30,0,0,TRUE,TRUE
BR,2016,10-14,F,1,1,1,1867,1,1,0,0,TRUE,TRUE
BR,2016,10-14,M,0,1,1,3009,0,1,0,0,TRUE,TRUE
BR,2016,15-19,F,5,5,5,3797,5,5,0,0,TRUE,TRUE
BR,2016,15-19,M,6,8,10,17988,6,8,0,0,TRUE,TRUE
BR,2016,20-24,F,21,37,40,4723,21,37,0,0,TRUE,TRUE
BR,2016,20-24,M,10,17,21,23596,10,17,0,0,TRUE,TRUE
BR,2016,25-29,F,25,50,53,5670,25,50,0,0,TRUE,TRUE
BR,2016,25-29,M,16,25,26,21652,16,25,0,0,TRUE,TRUE
BR,2016,30-34,F,34,61,66,7853,34,61,0,0,TRUE,TRUE
BR,2016,30-34,M,26,50,53,22239,26,50,0,0,TRUE,TRUE
BR,2016,35-39,F,61,88,99,10772,61,88,0,0,TRUE,TRUE
BR,2016,35-39,M,32,58,58,23991,32,58,0,0,TRUE,TRUE
BR,2016,40-44,F,85,134,144,13726,85,134,0,0,TRUE,TRUE
BR,2016,40-44,M,57,102,108,26404,57,102,0,0,TRUE,TRUE
BR,2016,45-49,F,100,185,203,18739,100,185,0,0,TRUE,TRUE
BR,2016,45-49,M,88,167,182,33774,88,167,0,0,TRUE,TRUE
BR,2016,5-9,F,1,2,2,1438,1,2,0,0,TRUE,TRUE
BR,2016,5-9,M,1,1,1,1859,1,1,0,0,TRUE,TRUE
BR,2016,50-54,F,138,255,283,25692,138,255,0,0,TRUE,TRUE
BR,2016,50-54,M,114,203,218,44177,114,203,0,0,TRUE,TRUE
BR,2016,55-59,F,181,345,373,33063,181,345,0,0,TRUE,TRUE
BR,2016,55-59,M,163,296,331,54854,163,296,0,0,TRUE,TRUE
BR,2016,60-64,F,252,444,481,40669,252,444,0,0,TRUE,TRUE
BR,2016,60-64,M,234,445,485,63505,234,445,0,0,TRUE,TRUE
BR,2016,65-69,F,281,537,578,48420,281,537,0,0,TRUE,TRUE
BR,2016,65-69,M,265,503,537,69137,265,503,0,0,TRUE,TRUE
BR,2016,70-74,F,325,571,634,54803,325,571,0,0,TRUE,TRUE
BR,2016,70-74,M,300,513,556,70658,300,513,0,0,TRUE,TRUE
BR,2016,75-79,F,393,664,730,66559,393,664,0,0,TRUE,TRUE
BR,2016,75-79,M,299,479,509,73178,299,479,0,0,TRUE,TRUE
BR,2016,80-84,F,451,704,804,72985,451,704,0,0,TRUE,TRUE
BR,2016,80-84,M,293,447,502,66763,293,447,0,0,TRUE,TRUE
BR,2016,85+,F,776,1155,1305,142415,776,1155,0,0,TRUE,TRUE
BR,2016,85+,M,391,560,636,93940,391,560,0,0,TRUE,TRUE
BR,2017,0-4,F,12,23,23,17611,12,23,0,0,TRUE,TRUE
BR,2017,0-4,M,14,32,32,21533,14,32,0,0,TRUE,TRUE
BR,2017,10-14,F,3,4,4,1781,3,4,0,0,TRUE,TRUE
BR,2017,10-14,M,1,2,2,2828,1,2,0,0,TRUE,TRUE
BR,2017,15-19,F,7,9,10,3748,7,9,0,0,TRUE,TRUE
BR,2017,15-19,M,5,8,8,17763,5,8,0,0,TRUE,TRUE
BR,2017,20-24,F,15,22,25,4559,15,22,0,0,TRUE,TRUE
BR,2017,20-24,M,10,16,18,24445,10,16,0,0,TRUE,TRUE
BR,2017,25-29,F,19,41,45,5321,19,41,0,0,TRUE,TRUE
BR,2017,25-29,M,11,22,23,21425,11,22,0,0,TRUE,TRUE
BR,2017,30-34,F,48,75,88,7476,48,75,0,0,TRUE,TRUE
BR,2017,30-34,M,30,49,54,21874,30,49,0,0,TRUE,TRUE
BR,2017,35-39,F,58,91,99,10476,58,91,0,0,TRUE,TRUE
BR,2017,35-39,M,43,70,76,23948,43,70,0,0,TRUE,TRUE
BR,2017,40-44,F,69,136,150,13149,69,136,0,0,TRUE,TRUE
BR,2017,40-44,M,42,92,96,26139,42,92,0,0,TRUE,TRUE
BR,2017,45-49,F,105,189,206,17856,105,189,0,0,TRUE,TRUE
BR,2017,45-49,M,74,154,172,32026,74,154,0,0,TRUE,TRUE
BR,2017,5-9,F,1,1,1,1363,1,1,0,0,TRUE,TRUE
BR,2017,5-9,M,2,2,2,1893,2,2,0,0,TRUE,TRUE
BR,2017,50-54,F,143,290,313,24915,143,290,0,0,TRUE,TRUE
BR,2017,50-54,M,94,213,229,42714,94,213,0,0,TRUE,TRUE
BR,2017,55-59,F,168,340,370,32663,168,340,0,0,TRUE,TRUE
BR,2017,55-59,M,155,311,335,52989,155,311,0,0,TRUE,TRUE
BR,2017,60-64,F,260,470,522,41380,260,470,0,0,TRUE,TRUE
BR,2017,60-64,M,206,415,442,63617,206,415,0,0,TRUE,TRUE
BR,2017,65-69,F,312,567,636,48759,312,567,0,0,TRUE,TRUE
BR,2017,65-69,M,262,504,558,69508,262,504,0,0,TRUE,TRUE
BR,2017,70-74,F,355,611,666,56400,355,611,0,0,TRUE,TRUE
BR,2017,70-74,M,310,512,566,71239,310,512,0,0,TRUE,TRUE
BR,2017,75-79,F,450,743,819,66381,450,743,0,0,TRUE,TRUE
BR,2017,75-79,M,338,579,638,72979,338,579,0,0,TRUE,TRUE
BR,2017,80-84,F,465,723,822,73698,465,723,0,0,TRUE,TRUE
BR,2017,80-84,M,325,499,553,67315,325,499,0,0,TRUE,TRUE
BR,2017,85+,F,820,1177,1341,148501,820,1177,0,0,TRUE,TRUE
BR,2017,85+,M,447,597,665,96345,447,597,0,0,TRUE,TRUE
BR,2018,0-4,F,8,22,23,17546,8,22,0,0,TRUE,TRUE
BR,2018,0-4,M,16,38,39,21276,16,38,0,0,TRUE,TRUE
BR,2018,10-14,F,2,3,3,1767,2,3,0,0,TRUE,TRUE
BR,2018,10-14,M,4,4,4,2596,4,4,0,0,TRUE,TRUE
BR,2018,15-19,F,12,15,16,3496,12,15,0,0,TRUE,TRUE
BR,2018,15-19,M,4,9,11,15604,4,9,0,0,TRUE,TRUE
BR,2018,20-24,F,25,35,40,4543,25,35,0,0,TRUE,TRUE
BR,2018,20-24,M,7,13,14,22458,7,13,0,0,TRUE,TRUE
BR,2018,25-29,F,21,35,37,5145,21,35,0,0,TRUE,TRUE
BR,2018,25-29,M,13,23,24,19802,13,23,0,0,TRUE,TRUE
BR,2018,30-34,F,38,55,61,7275,38,55,0,0,TRUE,TRUE
BR,2018,30-34,M,21,37,42,20382,21,37,0,0,TRUE,TRUE
BR,2018,35-39,F,50,85,92,10284,50,85,0,0,TRUE,TRUE
BR,2018,35-39,M,34,69,80,23200,34,69,0,0,TRUE,TRUE
BR,2018,40-44,F,66,123,136,13327,66,123,0,0,TRUE,TRUE
BR,2018,40-44,M,52,94,102,25789,52,94,0,0,TRUE,TRUE
BR,2018,45-49,F,94,181,197,17856,94,181,0,0,TRUE,TRUE
BR,2018,45-49,M,76,132,142,31843,76,132,0,0,TRUE,TRUE
BR,2018,5-9,F,1,1,1,1327,1,1,0,0,TRUE,TRUE
BR,2018,5-9,M,0,0,0,1745,0,0,0,0,TRUE,TRUE
BR,2018,50-54,F,157,282,310,24925,157,282,0,0,TRUE,TRUE
BR,2018,50-54,M,125,216,232,42983,125,216,0,0,TRUE,TRUE
BR,2018,55-59,F,201,364,396,32726,201,364,0,0,TRUE,TRUE
BR,2018,55-59,M,168,320,337,53742,168,320,0,0,TRUE,TRUE
BR,2018,60-64,F,260,464,504,42194,260,464,0,0,TRUE,TRUE
BR,2018,60-64,M,208,412,443,65300,208,412,0,0,TRUE,TRUE
BR,2018,65-69,F,327,563,616,50428,327,563,0,0,TRUE,TRUE
BR,2018,65-69,M,276,505,558,71207,276,505,0,0,TRUE,TRUE
BR,2018,70-74,F,365,653,723,57672,365,653,0,0,TRUE,TRUE
BR,2018,70-74,M,315,561,623,73492,315,561,0,0,TRUE,TRUE
BR,2018,75-79,F,404,661,738,66534,404,661,0,0,TRUE,TRUE
BR,2018,75-79,M,347,583,645,74201,347,583,0,0,TRUE,TRUE
BR,2018,80-84,F,448,720,799,74304,448,720,0,0,TRUE,TRUE
BR,2018,80-84,M,359,555,617,67780,359,555,0,0,TRUE,TRUE
BR,2018,85+,F,870,1223,1381,149645,870,1223,0,0,TRUE,TRUE
BR,2018,85+,M,477,675,754,96514,477,675,0,0,TRUE,TRUE
BR,2019,0-4,F,9,25,25,16966,9,25,0,0,TRUE,TRUE
BR,2019,0-4,M,9,31,32,21235,9,31,0,0,TRUE,TRUE
BR,2019,10-14,F,1,3,3,1704,1,3,0,0,TRUE,TRUE
BR,2019,10-14,M,3,5,5,2519,3,5,0,0,TRUE,TRUE
BR,2019,15-19,F,7,12,13,3381,7,12,0,0,TRUE,TRUE
BR,2019,15-19,M,8,8,8,13318,8,8,0,0,TRUE,TRUE
BR,2019,20-24,F,12,23,24,4622,12,23,0,0,TRUE,TRUE
BR,2019,20-24,M,7,16,16,20335,7,16,0,0,TRUE,TRUE
BR,2019,25-29,F,29,39,42,5281,29,39,0,0,TRUE,TRUE
BR,2019,25-29,M,18,33,34,18620,18,33,0,0,TRUE,TRUE
BR,2019,30-34,F,36,59,67,7243,36,59,0,0,TRUE,TRUE
BR,2019,30-34,M,27,40,41,19702,27,40,0,0,TRUE,TRUE
BR,2019,35-39,F,74,109,124,10385,74,109,0,0,TRUE,TRUE
BR,2019,35-39,M,41,91,97,22644,41,91,0,0,TRUE,TRUE
BR,2019,40-44,F,95,145,171,13760,95,145,0,0,TRUE,TRUE
BR,2019,40-44,M,55,95,99,25925,55,95,0,0,TRUE,TRUE
BR,2019,45-49,F,111,199,223,17882,111,199,0,0,TRUE,TRUE
BR,2019,45-49,M,76,143,158,31381,76,143,0,0,TRUE,TRUE
BR,2019,5-9,F,0,0,0,1390,0,0,0,0,TRUE,TRUE
BR,2019,5-9,M,3,5,5,1775,3,5,0,0,TRUE,TRUE
BR,2019,50-54,F,146,258,283,24751,146,258,0,0,TRUE,TRUE
BR,2019,50-54,M,131,254,278,42668,131,254,0,0,TRUE,TRUE
BR,2019,55-59,F,205,389,419,33486,205,389,0,0,TRUE,TRUE
BR,2019,55-59,M,172,334,364,54522,172,334,0,0,TRUE,TRUE
BR,2019,60-64,F,272,498,538,43422,272,498,0,0,TRUE,TRUE
BR,2019,60-64,M,221,426,460,66424,221,426,0,0,TRUE,TRUE
BR,2019,65-69,F,301,590,653,52849,301,590,0,0,TRUE,TRUE
BR,2019,65-69,M,259,510,553,74116,259,510,0,0,TRUE,TRUE
BR,2019,70-74,F,367,651,733,59744,367,651,0,0,TRUE,TRUE
BR,2019,70-74,M,316,564,614,76165,316,564,0,0,TRUE,TRUE
BR,2019,75-79,F,451,710,795,69156,451,710,0,0,TRUE,TRUE
BR,2019,75-79,M,404,652,726,76965,404,652,0,0,TRUE,TRUE
BR,2019,80-84,F,472,738,832,78131,472,738,0,0,TRUE,TRUE
BR,2019,80-84,M,332,535,597,71708,332,535,0,0,TRUE,TRUE
BR,2019,85+,F,940,1330,1501,158098,940,1330,0,0,TRUE,TRUE
BR,2019,85+,M,483,690,772,102176,483,690,0,0,TRUE,TRUE
BR,2020,0-4,F,8,20,20,14921,8,20,0,0,TRUE,TRUE
BR,2020,0-4,M,11,19,19,18399,11,19,0,0,TRUE,TRUE
BR,2020,10-14,F,1,2,2,1560,1,2,0,0,TRUE,TRUE
BR,2020,10-14,M,0,1,1,2320,0,1,0,0,TRUE,TRUE
BR,2020,15-19,F,3,11,13,3465,3,11,0,0,TRUE,TRUE
BR,2020,15-19,M,4,6,6,13175,4,6,0,0,TRUE,TRUE
BR,2020,20-24,F,22,32,39,5034,22,32,0,0,TRUE,TRUE
BR,2020,20-24,M,9,13,14,21792,9,13,0,0,TRUE,TRUE
BR,2020,25-29,F,21,38,41,5921,21,38,0,0,TRUE,TRUE
BR,2020,25-29,M,13,26,28,20202,13,26,0,0,TRUE,TRUE
BR,2020,30-34,F,41,64,70,8158,41,64,0,0,TRUE,TRUE
BR,2020,30-34,M,35,43,46,21832,35,43,0,0,TRUE,TRUE
BR,2020,35-39,F,69,108,119,12130,69,108,0,0,TRUE,TRUE
BR,2020,35-39,M,34,67,72,26033,34,67,0,0,TRUE,TRUE
BR,2020,40-44,F,76,150,162,16431,76,150,0,0,TRUE,TRUE
BR,2020,40-44,M,61,112,117,31165,61,112,0,0,TRUE,TRUE
BR,2020,45-49,F,96,198,216,21144,96,198,0,0,TRUE,TRUE
BR,2020,45-49,M,79,146,156,37744,79,146,0,0,TRUE,TRUE
BR,2020,5-9,F,1,2,2,1077,1,2,0,0,TRUE,TRUE
BR,2020,5-9,M,0,0,0,1505,0,0,0,0,TRUE,TRUE
BR,2020,50-54,F,140,283,302,28760,140,283,0,0,TRUE,TRUE
BR,2020,50-54,M,95,187,203,50565,95,187,0,0,TRUE,TRUE
BR,2020,55-59,F,182,340,373,39254,182,340,0,0,TRUE,TRUE
BR,2020,55-59,M,167,351,377,65514,167,351,0,0,TRUE,TRUE
BR,2020,60-64,F,271,526,571,51855,271,526,0,0,TRUE,TRUE
BR,2020,60-64,M,225,429,461,80274,225,429,0,0,TRUE,TRUE
BR,2020,65-69,F,302,584,636,62553,302,584,0,0,TRUE,TRUE
BR,2020,65-69,M,259,515,542,91496,259,515,0,0,TRUE,TRUE
BR,2020,70-74,F,323,593,648,71692,323,593,0,0,TRUE,TRUE
BR,2020,70-74,M,310,579,624,94528,310,579,0,0,TRUE,TRUE
BR,2020,75-79,F,356,659,716,77514,356,659,0,0,TRUE,TRUE
BR,2020,75-79,M,329,570,622,90972,329,570,0,0,TRUE,TRUE
BR,2020,80-84,F,443,742,827,88383,443,742,0,0,TRUE,TRUE
BR,2020,80-84,M,346,543,617,86080,346,543,0,0,TRUE,TRUE
BR,2020,85+,F,791,1158,1303,170825,791,1158,0,0,TRUE,TRUE
BR,2020,85+,M,456,673,757,117362,456,673,0,0,TRUE,TRUE
BR,2021,0-4,F,10,19,19,15051,10,19,0,0,TRUE,TRUE
BR,2021,0-4,M,8,18,18,18968,8,18,0,0,TRUE,TRUE
BR,2021,10-14,F,0,3,3,1585,0,3,0,0,TRUE,TRUE
BR,2021,10-14,M,5,6,6,2213,5,6,0,0,TRUE,TRUE
BR,2021,15-19,F,3,8,8,3543,3,8,0,0,TRUE,TRUE
BR,2021,15-19,M,4,8,9,12040,4,8,0,0,TRUE,TRUE
BR,2021,20-24,F,16,26,27,5529,16,26,0,0,TRUE,TRUE
BR,2021,20-24,M,9,20,20,21368,9,20,0,0,TRUE,TRUE
BR,2021,25-29,F,37,69,76,7636,37,69,0,0,TRUE,TRUE
BR,2021,25-29,M,25,34,36,22292,25,34,0,0,TRUE,TRUE
BR,2021,30-34,F,32,76,81,10774,32,76,0,0,TRUE,TRUE
BR,2021,30-34,M,30,52,54,25086,30,52,0,0,TRUE,TRUE
BR,2021,35-39,F,55,113,120,16465,55,113,0,0,TRUE,TRUE
BR,2021,35-39,M,54,96,105,32854,54,96,0,0,TRUE,TRUE
BR,2021,40-44,F,76,160,171,22799,76,160,0,0,TRUE,TRUE
BR,2021,40-44,M,59,127,135,41286,59,127,0,0,TRUE,TRUE
BR,2021,45-49,F,109,218,236,29520,109,218,0,0,TRUE,TRUE
BR,2021,45-49,M,89,174,191,50364,89,174,0,0,TRUE,TRUE
BR,2021,5-9,F,1,2,2,1240,1,2,0,0,TRUE,TRUE
BR,2021,5-9,M,1,2,3,1526,1,2,0,0,TRUE,TRUE
BR,2021,50-54,F,142,267,294,38797,142,267,0,0,TRUE,TRUE
BR,2021,50-54,M,135,274,297,64490,135,274,0,0,TRUE,TRUE
BR,2021,55-59,F,204,413,445,53824,204,413,0,0,TRUE,TRUE
BR,2021,55-59,M,172,362,380,83555,172,362,0,0,TRUE,TRUE
BR,2021,60-64,F,250,478,513,66361,250,478,0,0,TRUE,TRUE
BR,2021,60-64,M,225,486,534,96699,225,486,0,0,TRUE,TRUE
BR,2021,65-69,F,336,625,685,79101,336,625,0,0,TRUE,TRUE
BR,2021,65-69,M,295,616,662,107943,295,616,0,0,TRUE,TRUE
BR,2021,70-74,F,401,705,790,87056,401,705,0,0,TRUE,TRUE
BR,2021,70-74,M,337,625,673,110722,337,625,0,0,TRUE,TRUE
BR,2021,75-79,F,410,703,785,90065,410,703,0,0,TRUE,TRUE
BR,2021,75-79,M,357,605,658,102188,357,605,0,0,TRUE,TRUE
BR,2021,80-84,F,481,757,853,95881,481,757,0,0,TRUE,TRUE
BR,2021,80-84,M,327,531,577,91499,327,531,0,0,TRUE,TRUE
BR,2021,85+,F,939,1322,1501,189934,939,1322,0,0,TRUE,TRUE
BR,2021,85+,M,477,692,763,126996,477,692,0,0,TRUE,TRUE
BR,2022,0-4,F,13,26,26,16039,13,26,0,0,TRUE,TRUE
BR,2022,0-4,M,7,29,29,19780,7,29,0,0,TRUE,TRUE
BR,2022,10-14,F,3,7,9,1738,3,7,0,0,TRUE,TRUE
BR,2022,10-14,M,1,3,3,2311,1,3,0,0,TRUE,TRUE
BR,2022,15-19,F,6,11,12,3290,6,11,0,0,TRUE,TRUE
BR,2022,15-19,M,2,7,7,11164,2,7,0,0,TRUE,TRUE
BR,2022,20-24,F,14,26,29,4928,14,26,0,0,TRUE,TRUE
BR,2022,20-24,M,12,15,15,20241,12,15,0,0,TRUE,TRUE
BR,2022,25-29,F,18,35,40,6098,18,35,0,0,TRUE,TRUE
BR,2022,25-29,M,22,32,35,20454,22,32,0,0,TRUE,TRUE
BR,2022,30-34,F,54,81,85,7665,54,81,0,0,TRUE,TRUE
BR,2022,30-34,M,34,59,63,20860,34,59,0,0,TRUE,TRUE
BR,2022,35-39,F,79,134,151,11038,79,134,0,0,TRUE,TRUE
BR,2022,35-39,M,43,88,98,24124,43,88,0,0,TRUE,TRUE
BR,2022,40-44,F,86,164,178,15736,86,164,0,0,TRUE,TRUE
BR,2022,40-44,M,80,143,155,30068,80,143,0,0,TRUE,TRUE
BR,2022,45-49,F,126,218,240,20029,126,218,0,0,TRUE,TRUE
BR,2022,45-49,M,78,196,204,35125,78,196,0,0,TRUE,TRUE
BR,2022,5-9,F,0,2,2,1451,0,2,0,0,TRUE,TRUE
BR,2022,5-9,M,0,0,0,1799,0,0,0,0,TRUE,TRUE
BR,2022,50-54,F,174,313,339,26072,174,313,0,0,TRUE,TRUE
BR,2022,50-54,M,127,280,294,44931,127,280,0,0,TRUE,TRUE
BR,2022,55-59,F,200,419,449,36148,200,419,0,0,TRUE,TRUE
BR,2022,55-59,M,173,399,428,60432,173,399,0,0,TRUE,TRUE
BR,2022,60-64,F,256,525,571,47986,256,525,0,0,TRUE,TRUE
BR,2022,60-64,M,268,535,573,73959,268,535,0,0,TRUE,TRUE
BR,2022,65-69,F,370,698,750,60934,370,698,0,0,TRUE,TRUE
BR,2022,65-69,M,321,606,655,86234,321,606,0,0,TRUE,TRUE
BR,2022,70-74,F,411,743,819,71351,411,743,0,0,TRUE,TRUE
BR,2022,70-74,M,404,721,779,91822,404,721,0,0,TRUE,TRUE
BR,2022,75-79,F,458,783,866,80394,458,783,0,0,TRUE,TRUE
BR,2022,75-79,M,393,671,742,89632,393,671,0,0,TRUE,TRUE
BR,2022,80-84,F,498,799,903,89920,498,799,0,0,TRUE,TRUE
BR,2022,80-84,M,368,588,642,83771,368,588,0,0,TRUE,TRUE
BR,2022,85+,F,976,1427,1609,196490,976,1427,0,0,TRUE,TRUE
BR,2022,85+,M,503,706,793,125069,503,706,0,0,TRUE,TRUE
BR,2023,0-4,F,12,27,28,15729,12,27,0,0,TRUE,TRUE
BR,2023,0-4,M,14,30,30,19446,14,30,0,0,TRUE,TRUE
BR,2023,10-14,F,4,6,6,1600,4,6,0,0,TRUE,TRUE
BR,2023,10-14,M,1,3,3,2373,1,3,0,0,TRUE,TRUE
BR,2023,15-19,F,12,17,18,3007,12,17,0,0,TRUE,TRUE
BR,2023,15-19,M,9,15,16,10471,9,15,0,0,TRUE,TRUE
BR,2023,20-24,F,17,28,29,4523,17,28,0,0,TRUE,TRUE
BR,2023,20-24,M,9,21,25,18827,9,21,0,0,TRUE,TRUE
BR,2023,25-29,F,41,62,72,5910,41,62,0,0,TRUE,TRUE
BR,2023,25-29,M,20,35,38,20388,20,35,0,0,TRUE,TRUE
BR,2023,30-34,F,46,63,70,7446,46,63,0,0,TRUE,TRUE
BR,2023,30-34,M,28,50,51,20137,28,50,0,0,TRUE,TRUE
BR,2023,35-39,F,51,113,126,10561,51,113,0,0,TRUE,TRUE
BR,2023,35-39,M,39,83,85,23500,39,83,0,0,TRUE,TRUE
BR,2023,40-44,F,100,190,203,15410,100,190,0,0,TRUE,TRUE
BR,2023,40-44,M,69,140,149,29544,69,140,0,0,TRUE,TRUE
BR,2023,45-49,F,134,257,283,19284,134,257,0,0,TRUE,TRUE
BR,2023,45-49,M,85,174,186,34360,85,174,0,0,TRUE,TRUE
BR,2023,5-9,F,0,3,3,1531,0,3,0,0,TRUE,TRUE
BR,2023,5-9,M,0,3,3,1853,0,3,0,0,TRUE,TRUE
BR,2023,50-54,F,157,353,378,25316,157,353,0,0,TRUE,TRUE
BR,2023,50-54,M,149,289,311,43546,149,289,0,0,TRUE,TRUE
BR,2023,55-59,F,262,492,551,34773,262,492,0,0,TRUE,TRUE
BR,2023,55-59,M,195,392,426,57273,195,392,0,0,TRUE,TRUE
BR,2023,60-64,F,313,626,678,46405,313,626,0,0,TRUE,TRUE
BR,2023,60-64,M,267,565,601,71036,267,565,0,0,TRUE,TRUE
BR,2023,65-69,F,375,736,791,58670,375,736,0,0,TRUE,TRUE
BR,2023,65-69,M,371,720,781,83791,371,720,0,0,TRUE,TRUE
BR,2023,70-74,F,468,846,935,68605,468,846,0,0,TRUE,TRUE
BR,2023,70-74,M,430,753,826,88060,430,753,0,0,TRUE,TRUE
BR,2023,75-79,F,472,797,878,76379,472,797,0,0,TRUE,TRUE
BR,2023,75-79,M,454,737,809,85328,454,737,0,0,TRUE,TRUE
BR,2023,80-84,F,544,846,934,84155,544,846,0,0,TRUE,TRUE
BR,2023,80-84,M,413,625,687,78191,413,625,0,0,TRUE,TRUE
BR,2023,85+,F,1002,1458,1638,181224,1002,1458,0,0,TRUE,TRUE
BR,2023,85+,M,543,784,871,112243,543,784,0,0,TRUE,TRUE
BR,2024,0-4,F,12,29,29,14720,12,29,0,0,TRUE,TRUE
BR,2024,0-4,M,8,22,22,18320,8,22,0,0,TRUE,TRUE
BR,2024,10-14,F,2,6,6,1658,2,6,0,0,TRUE,TRUE
BR,2024,10-14,M,2,6,6,2365,2,6,0,0,TRUE,TRUE
BR,2024,15-19,F,6,10,10,3127,6,10,0,0,TRUE,TRUE
BR,2024,15-19,M,4,8,9,10467,4,8,0,0,TRUE,TRUE
BR,2024,20-24,F,21,31,33,4681,21,31,0,0,TRUE,TRUE
BR,2024,20-24,M,16,22,23,18475,16,22,0,0,TRUE,TRUE
BR,2024,25-29,F,17,39,44,6135,17,39,0,0,TRUE,TRUE
BR,2024,25-29,M,12,36,36,20393,12,36,0,0,TRUE,TRUE
BR,2024,30-34,F,37,66,70,7656,37,66,0,0,TRUE,TRUE
BR,2024,30-34,M,35,58,64,20685,35,58,0,0,TRUE,TRUE
BR,2024,35-39,F,60,122,134,11287,60,122,0,0,TRUE,TRUE
BR,2024,35-39,M,44,84,94,24367,44,84,0,0,TRUE,TRUE
BR,2024,40-44,F,92,168,180,16169,92,168,0,0,TRUE,TRUE
BR,2024,40-44,M,71,134,146,30199,71,134,0,0,TRUE,TRUE
BR,2024,45-49,F,137,277,300,20524,137,277,0,0,TRUE,TRUE
BR,2024,45-49,M,99,206,218,36243,99,206,0,0,TRUE,TRUE
BR,2024,5-9,F,2,3,3,1545,2,3,0,0,TRUE,TRUE
BR,2024,5-9,M,1,1,1,1907,1,1,0,0,TRUE,TRUE
BR,2024,50-54,F,161,335,379,25565,161,335,0,0,TRUE,TRUE
BR,2024,50-54,M,143,298,324,44098,143,298,0,0,TRUE,TRUE
BR,2024,55-59,F,228,477,506,35765,228,477,0,0,TRUE,TRUE
BR,2024,55-59,M,245,472,519,58960,245,472,0,0,TRUE,TRUE
BR,2024,60-64,F,314,616,667,48641,314,616,0,0,TRUE,TRUE
BR,2024,60-64,M,295,581,634,73736,295,581,0,0,TRUE,TRUE
BR,2024,65-69,F,429,788,849,61684,429,788,0,0,TRUE,TRUE
BR,2024,65-69,M,346,715,764,87085,346,715,0,0,TRUE,TRUE
BR,2024,70-74,F,432,841,905,73263,432,841,0,0,TRUE,TRUE
BR,2024,70-74,M,450,800,868,93021,450,800,0,0,TRUE,TRUE
BR,2024,75-79,F,521,895,974,81110,521,895,0,0,TRUE,TRUE
BR,2024,75-79,M,466,807,881,90576,466,807,0,0,TRUE,TRUE
BR,2024,80-84,F,606,942,1055,88668,606,942,0,0,TRUE,TRUE
BR,2024,80-84,M,420,633,688,81892,420,633,0,0,TRUE,TRUE
BR,2024,85+,F,1122,1566,1793,191323,1122,1566,0,0,TRUE,TRUE
BR,2024,85+,M,527,779,863,121194,527,779,0,0,TRUE,TRUE
US,2012,0-4,F,1,8,8,12313,1,8,0,0,TRUE,TRUE
US,2012,0-4,M,4,12,12,15534,4,12,0,0,TRUE,TRUE
US,2012,10-14,F,0,1,1,1150,0,1,0,0,TRUE,TRUE
US,2012,10-14,M,0,0,0,1716,0,0,0,0,TRUE,TRUE
US,2012,15-19,F,1,4,4,2850,1,4,0,0,TRUE,TRUE
US,2012,15-19,M,0,1,1,7224,0,1,0,0,TRUE,TRUE
US,2012,20-24,F,7,17,17,4876,7,17,0,0,TRUE,TRUE
US,2012,20-24,M,5,11,11,14232,5,11,0,0,TRUE,TRUE
US,2012,25-29,F,8,16,17,6041,8,16,0,0,TRUE,TRUE
US,2012,25-29,M,10,23,25,14951,10,23,0,0,TRUE,TRUE
US,2012,30-34,F,7,14,16,7767,7,14,0,0,TRUE,TRUE
US,2012,30-34,M,11,24,25,15832,11,24,0,0,TRUE,TRUE
US,2012,35-39,F,7,22,22,10004,7,22,0,0,TRUE,TRUE
US,2012,35-39,M,16,37,41,17368,16,37,0,0,TRUE,TRUE
US,2012,40-44,F,15,49,50,16229,15,49,0,0,TRUE,TRUE
US,2012,40-44,M,13,48,49,25561,13,48,0,0,TRUE,TRUE
US,2012,45-49,F,22,70,72,27092,22,70,0,0,TRUE,TRUE
US,2012,45-49,M,31,97,102,41387,31,97,0,0,TRUE,TRUE
US,2012,5-9,F,1,2,2,1014,1,2,0,0,TRUE,TRUE
US,2012,5-9,M,1,1,1,1320,1,1,0,0,TRUE,TRUE
US,2012,50-54,F,63,141,153,43157,63,141,0,0,TRUE,TRUE
US,2012,50-54,M,71,172,188,67827,71,172,0,0,TRUE,TRUE
US,2012,55-59,F,74,160,175,57235,74,160,0,0,TRUE,TRUE
US,2012,55-59,M,106,259,280,91743,106,259,0,0,TRUE,TRUE
US,2012,60-64,F,103,237,250,71420,103,237,0,0,TRUE,TRUE
US,2012,60-64,M,153,343,368,109208,153,343,0,0,TRUE,TRUE
US,2012,65-69,F,145,319,345,86575,145,319,0,0,TRUE,TRUE
US,2012,65-69,M,180,382,417,118915,180,382,0,0,TRUE,TRUE
US,2012,70-74,F,171,362,385,100836,171,362,0,0,TRUE,TRUE
US,2012,70-74,M,212,437,467,126020,212,437,0,0,TRUE,TRUE
US,2012,75-79,F,237,457,489,129512,237,457,0,0,TRUE,TRUE
US,2012,75-79,M,258,521,561,142424,258,521,0,0,TRUE,TRUE
US,2012,80-84,F,362,617,678,180235,362,617,0,0,TRUE,TRUE
US,2012,80-84,M,371,685,734,168257,371,685,0,0,TRUE,TRUE
US,2012,85+,F,1174,1891,2099,511204,1174,1891,0,0,TRUE,TRUE
US,2012,85+,M,651,1158,1271,294103,651,1158,0,0,TRUE,TRUE
US,2013,0-4,F,1,10,10,12066,1,10,0,0,TRUE,TRUE
US,2013,0-4,M,2,13,13,15442,2,13,0,0,TRUE,TRUE
US,2013,10-14,F,0,0,0,1219,0,0,0,0,TRUE,TRUE
US,2013,10-14,M,1,1,1,1694,1,1,0,0,TRUE,TRUE
US,2013,15-19,F,0,3,3,2721,0,3,0,0,TRUE,TRUE
US,2013,15-19,M,0,0,0,6759,0,0,0,0,TRUE,TRUE
US,2013,20-24,F,2,11,12,4901,2,11,0,0,TRUE,TRUE
US,2013,20-24,M,3,7,7,14105,3,7,0,0,TRUE,TRUE
US,2013,25-29,F,6,8,8,6033,6,8,0,0,TRUE,TRUE
US,2013,25-29,M,3,12,12,15023,3,12,0,0,TRUE,TRUE
US,2013,30-34,F,11,24,25,7968,11,24,0,0,TRUE,TRUE
US,2013,30-34,M,8,22,24,16439,8,22,0,0,TRUE,TRUE
US,2013,35-39,F,13,31,32,10277,13,31,0,0,TRUE,TRUE
US,2013,35-39,M,12,30,31,17544,12,30,0,0,TRUE,TRUE
US,2013,40-44,F,17,35,40,16224,17,35,0,0,TRUE,TRUE
US,2013,40-44,M,23,63,65,25528,23,63,0,0,TRUE,TRUE
US,2013,45-49,F,36,78,87,26302,36,78,0,0,TRUE,TRUE
US,2013,45-49,M,31,83,86,40531,31,83,0,0,TRUE,TRUE
US,2013,5-9,F,0,1,1,1044,0,1,0,0,TRUE,TRUE
US,2013,5-9,M,0,0,0,1383,0,0,0,0,TRUE,TRUE
US,2013,50-54,F,39,135,149,43425,39,135,0,0,TRUE,TRUE
US,2013,50-54,M,58,165,180,67466,58,165,0,0,TRUE,TRUE
US,2013,55-59,F,71,169,180,58985,71,169,0,0,TRUE,TRUE
US,2013,55-59,M,94,253,275,93996,94,253,0,0,TRUE,TRUE
US,2013,60-64,F,96,248,268,72817,96,248,0,0,TRUE,TRUE
US,2013,60-64,M,129,316,342,112329,129,316,0,0,TRUE,TRUE
US,2013,65-69,F,138,309,326,90185,138,309,0,0,TRUE,TRUE
US,2013,65-69,M,223,446,485,124324,223,446,0,0,TRUE,TRUE
US,2013,70-74,F,200,410,439,106346,200,410,0,0,TRUE,TRUE
US,2013,70-74,M,225,458,486,133574,225,458,0,0,TRUE,TRUE
US,2013,75-79,F,254,485,521,131148,254,485,0,0,TRUE,TRUE
US,2013,75-79,M,279,546,588,146166,279,546,0,0,TRUE,TRUE
US,2013,80-84,F,373,669,727,178525,373,669,0,0,TRUE,TRUE
US,2013,80-84,M,367,656,721,169174,367,656,0,0,TRUE,TRUE
US,2013,85+,F,1146,1912,2152,520736,1146,1912,0,0,TRUE,TRUE
US,2013,85+,M,729,1212,1342,304462,729,1212,0,0,TRUE,TRUE
US,2014,0-4,F,2,9,9,11987,2,9,0,0,TRUE,TRUE
US,2014,0-4,M,4,17,17,15058,4,17,0,0,TRUE,TRUE
US,2014,10-14,F,0,0,0,1122,0,0,0,0,TRUE,TRUE
US,2014,10-14,M,2,2,3,1771,2,2,0,0,TRUE,TRUE
US,2014,15-19,F,3,6,7,2758,3,6,0,0,TRUE,TRUE
US,2014,15-19,M,1,3,3,6828,1,3,0,0,TRUE,TRUE
US,2014,20-24,F,1,4,4,4916,1,4,0,0,TRUE,TRUE
US,2014,20-24,M,6,8,10,14289,6,8,0,0,TRUE,TRUE
US,2014,25-29,F,5,12,14,6306,5,12,0,0,TRUE,TRUE
US,2014,25-29,M,6,15,15,15619,6,15,0,0,TRUE,TRUE
US,2014,30-34,F,5,17,17,8174,5,17,0,0,TRUE,TRUE
US,2014,30-34,M,9,25,25,17078,9,25,0,0,TRUE,TRUE
US,2014,35-39,F,13,33,34,10825,13,33,0,0,TRUE,TRUE
US,2014,35-39,M,14,39,42,18500,14,39,0,0,TRUE,TRUE
US,2014,40-44,F,23,40,44,16478,23,40,0,0,TRUE,TRUE
US,2014,40-44,M,18,45,47,25193,18,45,0,0,TRUE,TRUE
US,2014,45-49,F,28,74,82,25735,28,74,0,0,TRUE,TRUE
US,2014,45-49,M,39,107,115,39281,39,107,0,0,TRUE,TRUE
US,2014,5-9,F,0,1,1,1000,0,1,0,0,TRUE,TRUE
US,2014,5-9,M,0,0,0,1357,0,0,0,0,TRUE,TRUE
US,2014,50-54,F,56,133,146,43805,56,133,0,0,TRUE,TRUE
US,2014,50-54,M,67,173,188,67096,67,173,0,0,TRUE,TRUE
US,2014,55-59,F,83,200,207,61178,83,200,0,0,TRUE,TRUE
US,2014,55-59,M,103,263,283,95992,103,263,0,0,TRUE,TRUE
US,2014,60-64,F,104,256,272,75432,104,256,0,0,TRUE,TRUE
US,2014,60-64,M,155,362,378,116206,155,362,0,0,TRUE,TRUE
US,2014,65-69,F,164,352,376,93032,164,352,0,0,TRUE,TRUE
US,2014,65-69,M,208,466,494,129802,208,466,0,0,TRUE,TRUE
US,2014,70-74,F,183,395,425,109861,183,395,0,0,TRUE,TRUE
US,2014,70-74,M,278,509,552,138846,278,509,0,0,TRUE,TRUE
US,2014,75-79,F,257,485,522,132813,257,485,0,0,TRUE,TRUE
US,2014,75-79,M,288,582,631,149259,288,582,0,0,TRUE,TRUE
US,2014,80-84,F,407,663,708,175261,407,663,0,0,TRUE,TRUE
US,2014,80-84,M,364,668,744,167171,364,668,0,0,TRUE,TRUE
US,2014,85+,F,1164,1859,2066,517441,1164,1859,0,0,TRUE,TRUE
US,2014,85+,M,748,1185,1324,308785,748,1185,0,0,TRUE,TRUE
US,2015,0-4,F,1,9,9,12131,1,9,0,0,TRUE,TRUE
US,2015,0-4,M,0,16,16,15289,0,16,0,0,TRUE,TRUE
US,2015,10-14,F,1,2,2,1233,1,2,0,0,TRUE,TRUE
US,2015,10-14,M,0,0,0,1776,0,0,0,0,TRUE,TRUE
US,2015,15-19,F,2,3,3,2999,2,3,0,0,TRUE,TRUE
US,2015,15-19,M,0,0,0,7187,0,0,0,0,TRUE,TRUE
US,2015,20-24,F,2,7,8,5149,2,7,0,0,TRUE,TRUE
US,2015,20-24,M,5,8,8,15159,5,8,0,0,TRUE,TRUE
US,2015,25-29,F,8,15,18,6725,8,15,0,0,TRUE,TRUE
US,2015,25-29,M,6,20,21,17173,6,20,0,0,TRUE,TRUE
US,2015,30-34,F,5,16,16,9011,5,16,0,0,TRUE,TRUE
US,2015,30-34,M,13,25,26,18608,13,25,0,0,TRUE,TRUE
US,2015,35-39,F,17,33,37,11227,17,33,0,0,TRUE,TRUE
US,2015,35-39,M,16,31,32,20190,16,31,0,0,TRUE,TRUE
US,2015,40-44,F,16,48,48,16191,16,48,0,0,TRUE,TRUE
US,2015,40-44,M,19,44,46,25480,19,44,0,0,TRUE,TRUE
US,2015,45-49,F,25,71,75,25570,25,71,0,0,TRUE,TRUE
US,2015,45-49,M,29,87,97,38807,29,87,0,0,TRUE,TRUE
US,2015,5-9,F,0,2,2,1025,0,2,0,0,TRUE,TRUE
US,2015,5-9,M,0,0,0,1377,0,0,0,0,TRUE,TRUE
US,2015,50-54,F,75,148,160,43377,75,148,0,0,TRUE,TRUE
US,2015,50-54,M,73,181,190,66740,73,181,0,0,TRUE,TRUE
US,2015,55-59,F,67,197,207,62417,67,197,0,0,TRUE,TRUE
US,2015,55-59,M,114,291,311,97172,114,291,0,0,TRUE,TRUE
US,2015,60-64,F,116,279,298,77742,116,279,0,0,TRUE,TRUE
US,2015,60-64,M,146,362,383,120454,146,362,0,0,TRUE,TRUE
US,2015,65-69,F,173,371,391,97852,173,371,0,0,TRUE,TRUE
US,2015,65-69,M,225,490,525,137630,225,490,0,0,TRUE,TRUE
US,2015,70-74,F,201,410,441,114817,201,410,0,0,TRUE,TRUE
US,2015,70-74,M,283,561,604,144717,283,561,0,0,TRUE,TRUE
US,2015,75-79,F,298,535,585,136686,298,535,0,0,TRUE,TRUE
US,2015,75-79,M,360,657,720,153719,360,657,0,0,TRUE,TRUE
US,2015,80-84,F,382,673,728,177034,382,673,0,0,TRUE,TRUE
US,2015,80-84,M,374,655,702,170127,374,655,0,0,TRUE,TRUE
US,2015,85+,F,1274,1982,2202,537997,1274,1982,0,0,TRUE,TRUE
US,2015,85+,M,752,1256,1380,321704,752,1256,0,0,TRUE,TRUE
US,2016,0-4,F,3,13,13,12083,3,13,0,0,TRUE,TRUE
US,2016,0-4,M,1,12,12,15123,1,12,0,0,TRUE,TRUE
US,2016,10-14,F,1,2,2,1249,1,2,0,0,TRUE,TRUE
US,2016,10-14,M,1,2,2,1764,1,2,0,0,TRUE,TRUE
US,2016,15-19,F,0,1,1,3099,0,1,0,0,TRUE,TRUE
US,2016,15-19,M,2,3,3,7713,2,3,0,0,TRUE,TRUE
US,2016,20-24,F,7,8,8,5463,7,8,0,0,TRUE,TRUE
US,2016,20-24,M,5,8,9,16300,5,8,0,0,TRUE,TRUE
US,2016,25-29,F,6,15,16,7542,6,15,0,0,TRUE,TRUE
US,2016,25-29,M,11,19,19,19511,11,19,0,0,TRUE,TRUE
US,2016,30-34,F,8,18,18,9817,8,18,0,0,TRUE,TRUE
US,2016,30-34,M,14,30,31,20746,14,30,0,0,TRUE,TRUE
US,2016,35-39,F,18,35,38,12468,18,35,0,0,TRUE,TRUE
US,2016,35-39,M,18,41,42,22809,18,41,0,0,TRUE,TRUE
US,2016,40-44,F,26,50,52,16109,26,50,0,0,TRUE,TRUE
US,2016,40-44,M,17,43,43,26406,17,43,0,0,TRUE,TRUE
US,2016,45-49,F,31,90,92,25816,31,90,0,0,TRUE,TRUE
US,2016,45-49,M,47,115,121,39769,47,115,0,0,TRUE,TRUE
US,2016,5-9,F,0,0,0,1113,0,0,0,0,TRUE,TRUE
US,2016,5-9,M,0,1,1,1377,0,1,0,0,TRUE,TRUE
US,2016,50-54,F,48,142,147,42614,48,142,0,0,TRUE,TRUE
US,2016,50-54,M,68,166,174,65317,68,166,0,0,TRUE,TRUE
US,2016,55-59,F,71,211,221,63496,71,211,0,0,TRUE,TRUE
US,2016,55-59,M,94,260,272,98650,94,260,0,0,TRUE,TRUE
US,2016,60-64,F,119,295,314,80565,119,295,0,0,TRUE,TRUE
US,2016,60-64,M,154,404,429,123734,154,404,0,0,TRUE,TRUE
US,2016,65-69,F,157,378,402,102266,157,378,0,0,TRUE,TRUE
US,2016,65-69,M,254,593,633,144389,254,593,0,0,TRUE,TRUE
US,2016,70-74,F,196,451,489,117072,196,451,0,0,TRUE,TRUE
US,2016,70-74,M,278,581,617,148353,278,581,0,0,TRUE,TRUE
US,2016,75-79,F,304,551,598,138044,304,551,0,0,TRUE,TRUE
US,2016,75-79,M,303,619,663,156851,303,619,0,0,TRUE,TRUE
US,2016,80-84,F,385,658,724,174053,385,658,0,0,TRUE,TRUE
US,2016,80-84,M,402,732,806,167968,402,732,0,0,TRUE,TRUE
US,2016,85+,F,1330,2021,2262,531107,1330,2021,0,0,TRUE,TRUE
US,2016,85+,M,827,1329,1474,323355,827,1329,0,0,TRUE,TRUE
US,2017,0-4,F,3,19,19,11515,3,19,0,0,TRUE,TRUE
US,2017,0-4,M,3,10,10,14700,3,10,0,0,TRUE,TRUE
US,2017,10-14,F,1,2,2,1247,1,2,0,0,TRUE,TRUE
US,2017,10-14,M,0,0,0,1970,0,0,0,0,TRUE,TRUE
US,2017,15-19,F,1,3,3,3037,1,3,0,0,TRUE,TRUE
US,2017,15-19,M,2,4,4,7849,2,4,0,0,TRUE,TRUE
US,2017,20-24,F,7,11,14,5485,7,11,0,0,TRUE,TRUE
US,2017,20-24,M,2,7,9,15654,2,7,0,0,TRUE,TRUE
US,2017,25-29,F,6,12,12,7891,6,12,0,0,TRUE,TRUE
US,2017,25-29,M,4,13,13,20385,4,13,0,0,TRUE,TRUE
US,2017,30-34,F,7,26,27,10175,7,26,0,0,TRUE,TRUE
US,2017,30-34,M,12,29,30,21764,12,29,0,0,TRUE,TRUE
US,2017,35-39,F,13,32,35,12796,13,32,0,0,TRUE,TRUE
US,2017,35-39,M,10,37,39,24105,10,37,0,0,TRUE,TRUE
US,2017,40-44,F,15,43,44,16208,15,43,0,0,TRUE,TRUE
US,2017,40-44,M,19,55,56,26687,19,55,0,0,TRUE,TRUE
US,2017,45-49,F,28,67,70,25475,28,67,0,0,TRUE,TRUE
US,2017,45-49,M,33,98,102,40223,33,98,0,0,TRUE,TRUE
US,2017,5-9,F,0,2,2,1055,0,2,0,0,TRUE,TRUE
US,2017,5-9,M,0,0,0,1299,0,0,0,0,TRUE,TRUE
US,2017,50-54,F,53,162,170,40863,53,162,0,0,TRUE,TRUE
US,2017,50-54,M,73,185,195,63581,73,185,0,0,TRUE,TRUE
US,2017,55-59,F,75,196,205,63711,75,196,0,0,TRUE,TRUE
US,2017,55-59,M,132,310,326,98387,132,310,0,0,TRUE,TRUE
US,2017,60-64,F,131,328,351,82960,131,328,0,0,TRUE,TRUE
US,2017,60-64,M,147,390,407,126948,147,390,0,0,TRUE,TRUE
US,2017,65-69,F,189,427,448,102829,189,427,0,0,TRUE,TRUE
US,2017,65-69,M,232,535,576,145258,232,535,0,0,TRUE,TRUE
US,2017,70-74,F,242,491,532,124850,242,491,0,0,TRUE,TRUE
US,2017,70-74,M,283,636,677,158673,283,636,0,0,TRUE,TRUE
US,2017,75-79,F,301,573,617,143993,301,573,0,0,TRUE,TRUE
US,2017,75-79,M,369,685,740,163505,369,685,0,0,TRUE,TRUE
US,2017,80-84,F,368,668,724,177095,368,668,0,0,TRUE,TRUE
US,2017,80-84,M,407,735,799,173166,407,735,0,0,TRUE,TRUE
US,2017,85+,F,1222,1980,2215,543169,1222,1980,0,0,TRUE,TRUE
US,2017,85+,M,837,1355,1523,334866,837,1355,0,0,TRUE,TRUE
US,2018,0-4,F,0,4,4,10986,0,4,0,0,TRUE,TRUE
US,2018,0-4,M,2,17,17,14311,2,17,0,0,TRUE,TRUE
US,2018,10-14,F,0,3,3,1325,0,3,0,0,TRUE,TRUE
US,2018,10-14,M,2,2,2,1795,2,2,0,0,TRUE,TRUE
US,2018,15-19,F,2,4,5,3000,2,4,0,0,TRUE,TRUE
US,2018,15-19,M,2,3,3,7380,2,3,0,0,TRUE,TRUE
US,2018,20-24,F,5,10,13,5146,5,10,0,0,TRUE,TRUE
US,2018,20-24,M,2,5,6,14628,2,5,0,0,TRUE,TRUE
US,2018,25-29,F,3,8,8,7832,3,8,0,0,TRUE,TRUE
US,2018,25-29,M,3,12,13,19629,3,12,0,0,TRUE,TRUE
US,2018,30-34,F,7,22,22,10148,7,22,0,0,TRUE,TRUE
US,2018,30-34,M,8,20,22,21235,8,20,0,0,TRUE,TRUE
US,2018,35-39,F,11,41,43,13094,11,41,0,0,TRUE,TRUE
US,2018,35-39,M,10,41,42,24523,10,41,0,0,TRUE,TRUE
US,2018,40-44,F,20,59,65,15910,20,59,0,0,TRUE,TRUE
US,2018,40-44,M,19,61,65,26853,19,61,0,0,TRUE,TRUE
US,2018,45-49,F,29,75,80,24904,29,75,0,0,TRUE,TRUE
US,2018,45-49,M,33,92,95,39969,33,92,0,0,TRUE,TRUE
US,2018,5-9,F,0,0,0,1044,0,0,0,0,TRUE,TRUE
US,2018,5-9,M,0,0,0,1286,0,0,0,0,TRUE,TRUE
US,2018,50-54,F,50,137,147,38903,50,137,0,0,TRUE,TRUE
US,2018,50-54,M,60,186,200,61061,60,186,0,0,TRUE,TRUE
US,2018,55-59,F,88,238,257,62702,88,238,0,0,TRUE,TRUE
US,2018,55-59,M,119,309,329,98261,119,309,0,0,TRUE,TRUE
US,2018,60-64,F,119,315,325,83861,119,315,0,0,TRUE,TRUE
US,2018,60-64,M,149,417,439,130012,149,417,0,0,TRUE,TRUE
US,2018,65-69,F,191,447,479,102698,191,447,0,0,TRUE,TRUE
US,2018,65-69,M,226,531,565,148548,226,531,0,0,TRUE,TRUE
US,2018,70-74,F,254,548,585,128169,254,548,0,0,TRUE,TRUE
US,2018,70-74,M,318,666,700,164363,318,666,0,0,TRUE,TRUE
US,2018,75-79,F,270,564,602,149773,270,564,0,0,TRUE,TRUE
US,2018,75-79,M,346,690,739,171972,346,690,0,0,TRUE,TRUE
US,2018,80-84,F,401,705,767,178244,401,705,0,0,TRUE,TRUE
US,2018,80-84,M,424,781,850,175216,424,781,0,0,TRUE,TRUE
US,2018,85+,F,1284,2023,2248,542962,1284,2023,0,0,TRUE,TRUE
US,2018,85+,M,816,1297,1423,337318,816,1297,0,0,TRUE,TRUE
US,2019,0-4,F,1,6,6,10882,1,6,0,0,TRUE,TRUE
US,2019,0-4,M,0,8,8,13715,0,8,0,0,TRUE,TRUE
US,2019,10-14,F,2,3,3,1268,2,3,0,0,TRUE,TRUE
US,2019,10-14,M,0,0,0,1896,0,0,0,0,TRUE,TRUE
US,2019,15-19,F,0,1,1,2897,0,1,0,0,TRUE,TRUE
US,2019,15-19,M,0,3,3,7361,0,3,0,0,TRUE,TRUE
US,2019,20-24,F,2,7,7,5126,2,7,0,0,TRUE,TRUE
US,2019,20-24,M,4,5,5,14387,4,5,0,0,TRUE,TRUE
US,2019,25-29,F,4,11,11,7527,4,11,0,0,TRUE,TRUE
US,2019,25-29,M,5,17,21,19442,5,17,0,0,TRUE,TRUE
US,2019,30-34,F,3,16,17,10300,3,16,0,0,TRUE,TRUE
US,2019,30-34,M,11,28,30,21909,11,28,0,0,TRUE,TRUE
US,2019,35-39,F,11,43,46,13397,11,43,0,0,TRUE,TRUE
US,2019,35-39,M,20,49,53,25241,20,49,0,0,TRUE,TRUE
US,2019,40-44,F,20,58,65,16153,20,58,0,0,TRUE,TRUE
US,2019,40-44,M,25,59,63,28195,25,59,0,0,TRUE,TRUE
US,2019,45-49,F,32,91,98,24381,32,91,0,0,TRUE,TRUE
US,2019,45-49,M,35,102,112,39358,35,102,0,0,TRUE,TRUE
US,2019,5-9,F,1,1,1,1043,1,1,0,0,TRUE,TRUE
US,2019,5-9,M,0,1,1,1290,0,1,0,0,TRUE,TRUE
US,2019,50-54,F,49,133,146,37165,49,133,0,0,TRUE,TRUE
US,2019,50-54,M,53,159,165,59489,53,159,0,0,TRUE,TRUE
US,2019,55-59,F,107,251,268,61398,107,251,0,0,TRUE,TRUE
US,2019,55-59,M,97,287,306,97055,97,287,0,0,TRUE,TRUE
US,2019,60-64,F,136,323,340,85614,136,323,0,0,TRUE,TRUE
US,2019,60-64,M,181,455,479,130870,181,455,0,0,TRUE,TRUE
US,2019,65-69,F,167,389,410,103474,167,389,0,0,TRUE,TRUE
US,2019,65-69,M,243,611,646,150938,243,611,0,0,TRUE,TRUE
US,2019,70-74,F,251,548,596,131838,251,548,0,0,TRUE,TRUE
US,2019,70-74,M,318,684,742,169309,318,684,0,0,TRUE,TRUE
US,2019,75-79,F,309,633,674,152997,309,633,0,0,TRUE,TRUE
US,2019,75-79,M,362,765,820,176496,362,765,0,0,TRUE,TRUE
US,2019,80-84,F,398,724,795,179930,398,724,0,0,TRUE,TRUE
US,2019,80-84,M,435,783,854,178604,435,783,0,0,TRUE,TRUE
US,2019,85+,F,1233,2042,2279,535581,1233,2042,0,0,TRUE,TRUE
US,2019,85+,M,843,1346,1503,338165,843,1346,0,0,TRUE,TRUE
US,2020,0-4,F,3,7,7,10226,3,7,0,0,TRUE,TRUE
US,2020,0-4,M,0,9,9,12885,0,9,0,0,TRUE,TRUE
US,2020,10-14,F,1,4,4,1296,1,4,0,0,TRUE,TRUE
US,2020,10-14,M,1,4,4,2117,1,4,0,0,TRUE,TRUE
US,2020,15-19,F,2,2,2,3327,2,2,0,0,TRUE,TRUE
US,2020,15-19,M,0,4,4,8951,0,4,0,0,TRUE,TRUE
US,2020,20-24,F,2,3,3,6005,2,3,0,0,TRUE,TRUE
US,2020,20-24,M,3,4,4,17533,3,4,0,0,TRUE,TRUE
US,2020,25-29,F,6,15,16,9142,6,15,0,0,TRUE,TRUE
US,2020,25-29,M,6,24,24,23554,6,24,0,0,TRUE,TRUE
US,2020,30-34,F,15,28,30,12512,15,28,0,0,TRUE,TRUE
US,2020,30-34,M,11,29,29,28278,11,29,0,0,TRUE,TRUE
US,2020,35-39,F,22,42,44,16015,22,42,0,0,TRUE,TRUE
US,2020,35-39,M,14,50,52,32066,14,50,0,0,TRUE,TRUE
US,2020,40-44,F,26,56,60,19981,26,56,0,0,TRUE,TRUE
US,2020,40-44,M,22,88,91,36428,22,88,0,0,TRUE,TRUE
US,2020,45-49,F,35,103,106,28277,35,103,0,0,TRUE,TRUE
US,2020,45-49,M,33,109,117,48154,33,109,0,0,TRUE,TRUE
US,2020,5-9,F,0,1,1,965,0,1,0,0,TRUE,TRUE
US,2020,5-9,M,1,3,3,1245,1,3,0,0,TRUE,TRUE
US,2020,50-54,F,63,169,176,43021,63,169,0,0,TRUE,TRUE
US,2020,50-54,M,68,197,210,71690,68,197,0,0,TRUE,TRUE
US,2020,55-59,F,84,240,258,69568,84,240,0,0,TRUE,TRUE
US,2020,55-59,M,135,334,357,113660,135,334,0,0,TRUE,TRUE
US,2020,60-64,F,152,392,411,99854,152,392,0,0,TRUE,TRUE
US,2020,60-64,M,180,487,514,157467,180,487,0,0,TRUE,TRUE
US,2020,65-69,F,204,505,551,123652,204,505,0,0,TRUE,TRUE
US,2020,65-69,M,259,648,707,182736,259,648,0,0,TRUE,TRUE
US,2020,70-74,F,272,595,631,158856,272,595,0,0,TRUE,TRUE
US,2020,70-74,M,351,835,893,209263,351,835,0,0,TRUE,TRUE
US,2020,75-79,F,334,678,746,182440,334,678,0,0,TRUE,TRUE
US,2020,75-79,M,407,842,914,215751,407,842,0,0,TRUE,TRUE
US,2020,80-84,F,382,736,812,210786,382,736,0,0,TRUE,TRUE
US,2020,80-84,M,464,829,902,213107,464,829,0,0,TRUE,TRUE
US,2020,85+,F,1198,2050,2298,617885,1198,2050,0,0,TRUE,TRUE
US,2020,85+,M,838,1469,1616,394920,838,1469,0,0,TRUE,TRUE
US,2021,0-4,F,1,11,11,10722,1,11,0,0,TRUE,TRUE
US,2021,0-4,M,2,7,7,13014,2,7,0,0,TRUE,TRUE
US,2021,10-14,F,0,0,0,1450,0,0,0,0,TRUE,TRUE
US,2021,10-14,M,0,1,1,2119,0,1,0,0,TRUE,TRUE
US,2021,15-19,F,1,2,2,3703,1,2,0,0,TRUE,TRUE
US,2021,15-19,M,1,4,4,9704,1,4,0,0,TRUE,TRUE
US,2021,20-24,F,0,3,3,6693,0,3,0,0,TRUE,TRUE
US,2021,20-24,M,6,12,12,18207,6,12,0,0,TRUE,TRUE
US,2021,25-29,F,3,14,16,9802,3,14,0,0,TRUE,TRUE
US,2021,25-29,M,4,13,13,25393,4,13,0,0,TRUE,TRUE
US,2021,30-34,F,12,37,40,14562,12,37,0,0,TRUE,TRUE
US,2021,30-34,M,16,33,35,32517,16,33,0,0,TRUE,TRUE
US,2021,35-39,F,19,53,59,18923,19,53,0,0,TRUE,TRUE
US,2021,35-39,M,16,58,59,37480,16,58,0,0,TRUE,TRUE
US,2021,40-44,F,19,59,63,24427,19,59,0,0,TRUE,TRUE
US,2021,40-44,M,28,64,70,44109,28,64,0,0,TRUE,TRUE
US,2021,45-49,F,32,94,101,31921,32,94,0,0,TRUE,TRUE
US,2021,45-49,M,47,132,144,54223,47,132,0,0,TRUE,TRUE
US,2021,5-9,F,0,0,0,1031,0,0,0,0,TRUE,TRUE
US,2021,5-9,M,0,0,0,1375,0,0,0,0,TRUE,TRUE
US,2021,50-54,F,61,171,179,48342,61,171,0,0,TRUE,TRUE
US,2021,50-54,M,56,207,214,81551,56,207,0,0,TRUE,TRUE
US,2021,55-59,F,92,261,275,75317,92,261,0,0,TRUE,TRUE
US,2021,55-59,M,106,366,387,122291,106,366,0,0,TRUE,TRUE
US,2021,60-64,F,140,419,445,109893,140,419,0,0,TRUE,TRUE
US,2021,60-64,M,214,552,582,170670,214,552,0,0,TRUE,TRUE
US,2021,65-69,F,254,607,654,134816,254,607,0,0,TRUE,TRUE
US,2021,65-69,M,296,730,788,196168,296,730,0,0,TRUE,TRUE
US,2021,70-74,F,347,749,817,170509,347,749,0,0,TRUE,TRUE
US,2021,70-74,M,461,970,1043,222773,461,970,0,0,TRUE,TRUE
US,2021,75-79,F,373,786,854,188622,373,786,0,0,TRUE,TRUE
US,2021,75-79,M,492,966,1047,220245,492,966,0,0,TRUE,TRUE
US,2021,80-84,F,438,815,900,208642,438,815,0,0,TRUE,TRUE
US,2021,80-84,M,464,889,974,212144,464,889,0,0,TRUE,TRUE
US,2021,85+,F,1259,2088,2337,566725,1259,2088,0,0,TRUE,TRUE
US,2021,85+,M,958,1591,1769,374055,958,1591,0,0,TRUE,TRUE
US,2022,0-4,F,1,15,15,10985,1,15,0,0,TRUE,TRUE
US,2022,0-4,M,3,15,16,13724,3,15,0,0,TRUE,TRUE
US,2022,10-14,F,0,0,0,1508,0,0,0,0,TRUE,TRUE
US,2022,10-14,M,1,2,2,2164,1,2,0,0,TRUE,TRUE
US,2022,15-19,F,1,3,3,3565,1,3,0,0,TRUE,TRUE
US,2022,15-19,M,5,6,6,9180,5,6,0,0,TRUE,TRUE
US,2022,20-24,F,7,15,17,6030,7,15,0,0,TRUE,TRUE
US,2022,20-24,M,9,12,14,16457,9,12,0,0,TRUE,TRUE
US,2022,25-29,F,6,16,16,8818,6,16,0,0,TRUE,TRUE
US,2022,25-29,M,7,22,23,22477,7,22,0,0,TRUE,TRUE
US,2022,30-34,F,14,36,38,13040,14,36,0,0,TRUE,TRUE
US,2022,30-34,M,13,38,39,30034,13,38,0,0,TRUE,TRUE
US,2022,35-39,F,14,54,55,16595,14,54,0,0,TRUE,TRUE
US,2022,35-39,M,17,60,64,33877,17,60,0,0,TRUE,TRUE
US,2022,40-44,F,23,84,88,21524,23,84,0,0,TRUE,TRUE
US,2022,40-44,M,22,87,89,39609,22,87,0,0,TRUE,TRUE
US,2022,45-49,F,25,98,104,27018,25,98,0,0,TRUE,TRUE
US,2022,45-49,M,56,138,144,46125,56,138,0,0,TRUE,TRUE
US,2022,5-9,F,0,0,0,1144,0,0,0,0,TRUE,TRUE
US,2022,5-9,M,0,0,0,1423,0,0,0,0,TRUE,TRUE
US,2022,50-54,F,59,189,200,41419,59,189,0,0,TRUE,TRUE
US,2022,50-54,M,72,228,240,68722,72,228,0,0,TRUE,TRUE
US,2022,55-59,F,93,292,313,64801,93,292,0,0,TRUE,TRUE
US,2022,55-59,M,133,400,427,103522,133,400,0,0,TRUE,TRUE
US,2022,60-64,F,173,446,467,98462,173,446,0,0,TRUE,TRUE
US,2022,60-64,M,177,551,581,150756,177,551,0,0,TRUE,TRUE
US,2022,65-69,F,238,606,642,125440,238,606,0,0,TRUE,TRUE
US,2022,65-69,M,292,719,774,180725,292,719,0,0,TRUE,TRUE
US,2022,70-74,F,334,760,814,158156,334,760,0,0,TRUE,TRUE
US,2022,70-74,M,428,956,1034,204260,428,956,0,0,TRUE,TRUE
US,2022,75-79,F,417,846,915,189383,417,846,0,0,TRUE,TRUE
US,2022,75-79,M,515,1064,1146,218209,515,1064,0,0,TRUE,TRUE
US,2022,80-84,F,457,870,947,208013,457,870,0,0,TRUE,TRUE
US,2022,80-84,M,499,929,1023,209298,499,929,0,0,TRUE,TRUE
US,2022,85+,F,1237,2072,2316,564690,1237,2072,0,0,TRUE,TRUE
US,2022,85+,M,874,1580,1724,368601,874,1580,0,0,TRUE,TRUE
US,2023,0-4,F,1,6,6,10768,1,6,0,0,TRUE,TRUE
US,2023,0-4,M,2,19,19,13436,2,19,0,0,TRUE,TRUE
US,2023,10-14,F,0,1,1,1380,0,1,0,0,TRUE,TRUE
US,2023,10-14,M,0,0,0,2123,0,0,0,0,TRUE,TRUE
US,2023,15-19,F,0,1,1,3507,0,1,0,0,TRUE,TRUE
US,2023,15-19,M,1,1,1,9270,1,1,0,0,TRUE,TRUE
US,2023,20-24,F,4,10,10,5536,4,10,0,0,TRUE,TRUE
US,2023,20-24,M,1,6,7,15398,1,6,0,0,TRUE,TRUE
US,2023,25-29,F,8,19,19,7614,8,19,0,0,TRUE,TRUE
US,2023,25-29,M,4,17,19,20161,4,17,0,0,TRUE,TRUE
US,2023,30-34,F,9,30,31,12002,9,30,0,0,TRUE,TRUE
US,2023,30-34,M,17,41,43,27672,17,41,0,0,TRUE,TRUE
US,2023,35-39,F,11,42,44,15171,11,42,0,0,TRUE,TRUE
US,2023,35-39,M,15,53,57,31812,15,53,0,0,TRUE,TRUE
US,2023,40-44,F,17,73,75,20351,17,73,0,0,TRUE,TRUE
US,2023,40-44,M,19,59,64,38002,19,59,0,0,TRUE,TRUE
US,2023,45-49,F,36,112,118,24476,36,112,0,0,TRUE,TRUE
US,2023,45-49,M,26,114,120,42795,26,114,0,0,TRUE,TRUE
US,2023,5-9,F,1,2,2,1107,1,2,0,0,TRUE,TRUE
US,2023,5-9,M,0,0,0,1395,0,0,0,0,TRUE,TRUE
US,2023,50-54,F,58,164,169,37417,58,164,0,0,TRUE,TRUE
US,2023,50-54,M,61,194,212,62085,61,194,0,0,TRUE,TRUE
US,2023,55-59,F,90,264,277,56770,90,264,0,0,TRUE,TRUE
US,2023,55-59,M,118,340,360,91830,118,340,0,0,TRUE,TRUE
US,2023,60-64,F,193,462,492,90120,193,462,0,0,TRUE,TRUE
US,2023,60-64,M,209,523,546,137814,209,523,0,0,TRUE,TRUE
US,2023,65-69,F,236,621,673,118553,236,621,0,0,TRUE,TRUE
US,2023,65-69,M,298,746,792,170443,298,746,0,0,TRUE,TRUE
US,2023,70-74,F,343,798,857,147810,343,798,0,0,TRUE,TRUE
US,2023,70-74,M,382,908,974,190874,382,908,0,0,TRUE,TRUE
US,2023,75-79,F,410,889,972,181917,410,889,0,0,TRUE,TRUE
US,2023,75-79,M,524,1056,1138,207874,524,1056,0,0,TRUE,TRUE
US,2023,80-84,F,462,912,986,204555,462,912,0,0,TRUE,TRUE
US,2023,80-84,M,522,1046,1128,203842,522,1046,0,0,TRUE,TRUE
US,2023,85+,F,1244,2113,2371,534800,1244,2113,0,0,TRUE,TRUE
US,2023,85+,M,930,1591,1748,350204,930,1591,0,0,TRUE,TRUE
US,2024,0-4,F,2,13,13,10806,2,13,0,0,TRUE,TRUE
US,2024,0-4,M,4,29,29,13087,4,29,0,0,TRUE,TRUE
US,2024,10-14,F,0,0,0,1393,0,0,0,0,TRUE,TRUE
US,2024,10-14,M,2,2,2,2015,2,2,0,0,TRUE,TRUE
US,2024,15-19,F,1,2,2,3168,1,2,0,0,TRUE,TRUE
US,2024,15-19,M,3,10,10,8238,3,10,0,0,TRUE,TRUE
US,2024,20-24,F,2,10,10,4857,2,10,0,0,TRUE,TRUE
US,2024,20-24,M,3,7,7,13690,3,7,0,0,TRUE,TRUE
US,2024,25-29,F,6,21,23,6531,6,21,0,0,TRUE,TRUE
US,2024,25-29,M,10,26,29,17000,10,26,0,0,TRUE,TRUE
US,2024,30-34,F,9,29,30,10645,9,29,0,0,TRUE,TRUE
US,2024,30-34,M,18,48,50,23651,18,48,0,0,TRUE,TRUE
US,2024,35-39,F,16,46,51,14260,16,46,0,0,TRUE,TRUE
US,2024,35-39,M,16,55,57,28780,16,55,0,0,TRUE,TRUE
US,2024,40-44,F,26,88,91,19077,26,88,0,0,TRUE,TRUE
US,2024,40-44,M,33,106,113,35313,33,106,0,0,TRUE,TRUE
US,2024,45-49,F,27,91,93,23944,27,91,0,0,TRUE,TRUE
US,2024,45-49,M,40,112,115,40350,40,112,0,0,TRUE,TRUE
US,2024,5-9,F,0,0,0,1146,0,0,0,0,TRUE,TRUE
US,2024,5-9,M,0,2,2,1386,0,2,0,0,TRUE,TRUE
US,2024,50-54,F,54,164,175,35183,54,164,0,0,TRUE,TRUE
US,2024,50-54,M,80,231,248,58293,80,231,0,0,TRUE,TRUE
US,2024,55-59,F,106,270,283,53457,106,270,0,0,TRUE,TRUE
US,2024,55-59,M,114,374,392,84677,114,374,0,0,TRUE,TRUE
US,2024,60-64,F,174,477,504,87377,174,477,0,0,TRUE,TRUE
US,2024,60-64,M,203,573,603,132685,203,573,0,0,TRUE,TRUE
US,2024,65-69,F,252,636,674,118898,252,636,0,0,TRUE,TRUE
US,2024,65-69,M,273,713,752,168889,273,713,0,0,TRUE,TRUE
US,2024,70-74,F,308,821,874,148162,308,821,0,0,TRUE,TRUE
US,2024,70-74,M,406,974,1031,192467,406,974,0,0,TRUE,TRUE
US,2024,75-79,F,452,937,1001,187490,452,937,0,0,TRUE,TRUE
US,2024,75-79,M,526,1144,1247,214406,526,1144,0,0,TRUE,TRUE
US,2024,80-84,F,501,957,1059,210845,501,957,0,0,TRUE,TRUE
US,2024,80-84,M,549,1049,1134,210203,549,1049,0,0,TRUE,TRUE
US,2024,85+,F,1271,2204,2426,535968,1271,2204,0,0,TRUE,TRUE
US,2024,85+,M,864,1521,1690,354272,864,1521,0,0,TRUE,TRUE
