"source_section","endpoint","specification","display_group","omitted_year","estimate","lower","upper","notes"
"time_form_and_leave_one_year","any_common BR/US RR","year_factor","time_form",,2.4270268082253,2.39866268407204,2.45572633741252,"quasi-Poisson model-conditional pointwise delta interval"
"time_form_and_leave_one_year","any_common BR/US RR","spline_df2","time_form",,2.42757138161378,2.39790111220328,2.45760877412307,"quasi-Poisson model-conditional pointwise delta interval"
"time_form_and_leave_one_year","any_common BR/US RR","spline_df3","time_form",,2.42750388173835,2.39811680575194,2.45725107372618,"quasi-Poisson model-conditional pointwise delta interval"
"time_form_and_leave_one_year","any_common BR/US RR","spline_df4","time_form",,2.42720032374051,2.39832830159465,2.45641991867789,"quasi-Poisson model-conditional pointwise delta interval"
"time_form_and_leave_one_year","any_common BR/US RR","spline_df5","time_form",,2.42710492184739,2.39844640928203,2.45610586872326,"quasi-Poisson model-conditional pointwise delta interval"
"time_form_and_leave_one_year","any_common BR/US RR","pre_covid_post","time_form",,2.42543828984389,2.39579204616255,2.45545138496621,"quasi-Poisson model-conditional pointwise delta interval"
"time_form_and_leave_one_year","any_common BR/US RR","leave_one_year_omit_2012","leave_one_year",2012,2.40442222105422,2.37559521421919,2.43359903341088,"quasi-Poisson model-conditional pointwise delta interval"
"time_form_and_leave_one_year","any_common BR/US RR","leave_one_year_omit_2013","leave_one_year",2013,2.40485910919652,2.37596137923386,2.43410830901231,"quasi-Poisson model-conditional pointwise delta interval"
"time_form_and_leave_one_year","any_common BR/US RR","leave_one_year_omit_2014","leave_one_year",2014,2.40780292655021,2.37843046646115,2.43753812224322,"quasi-Poisson model-conditional pointwise delta interval"
"time_form_and_leave_one_year","any_common BR/US RR","leave_one_year_omit_2015","leave_one_year",2015,2.41458584216327,2.38519351564304,2.44434036523175,"quasi-Poisson model-conditional pointwise delta interval"
"time_form_and_leave_one_year","any_common BR/US RR","leave_one_year_omit_2016","leave_one_year",2016,2.4196767835173,2.39018937576337,2.44952797299701,"quasi-Poisson model-conditional pointwise delta interval"
"time_form_and_leave_one_year","any_common BR/US RR","leave_one_year_omit_2017","leave_one_year",2017,2.41748918603399,2.38776234696365,2.44758611426427,"quasi-Poisson model-conditional pointwise delta interval"
"time_form_and_leave_one_year","any_common BR/US RR","leave_one_year_omit_2018","leave_one_year",2018,2.42020929613038,2.39076158544817,2.45001972289005,"quasi-Poisson model-conditional pointwise delta interval"
"time_form_and_leave_one_year","any_common BR/US RR","leave_one_year_omit_2019","leave_one_year",2019,2.41910221510015,2.38956516839903,2.44900436468248,"quasi-Poisson model-conditional pointwise delta interval"
"time_form_and_leave_one_year","any_common BR/US RR","leave_one_year_omit_2020","leave_one_year",2020,2.44900163400564,2.41929397528032,2.47907408716932,"quasi-Poisson model-conditional pointwise delta interval"
"time_form_and_leave_one_year","any_common BR/US RR","leave_one_year_omit_2021","leave_one_year",2021,2.46033038536668,2.43026414468307,2.49076859336537,"quasi-Poisson model-conditional pointwise delta interval"
"time_form_and_leave_one_year","any_common BR/US RR","leave_one_year_omit_2022","leave_one_year",2022,2.45667670289959,2.42657985148563,2.48714684533239,"quasi-Poisson model-conditional pointwise delta interval"
"time_form_and_leave_one_year","any_common BR/US RR","leave_one_year_omit_2023","leave_one_year",2023,2.43794505341876,2.40824138043137,2.46801509673601,"quasi-Poisson model-conditional pointwise delta interval"
"time_form_and_leave_one_year","any_common BR/US RR","leave_one_year_omit_2024_exclude_2024","leave_one_year_and_exclude_2024",2024,2.44156686722284,2.41203245604319,2.47146291592587,"quasi-Poisson model-conditional pointwise delta interval"
"time_form_and_leave_one_year","system-specific conditional UCD fraction BR/US RR","year_factor","time_form",,1.43450862084129,1.31645899295308,1.56314400545959,"quasibinomial model-conditional pointwise delta interval"
"time_form_and_leave_one_year","system-specific conditional UCD fraction BR/US RR","spline_df2","time_form",,1.43617628087607,1.3163984616609,1.5668525676858,"quasibinomial model-conditional pointwise delta interval"
"time_form_and_leave_one_year","system-specific conditional UCD fraction BR/US RR","spline_df3","time_form",,1.43589750816194,1.3175822959226,1.56483709619213,"quasibinomial model-conditional pointwise delta interval"
"time_form_and_leave_one_year","system-specific conditional UCD fraction BR/US RR","spline_df4","time_form",,1.435785107681,1.31754954830324,1.5646310061685,"quasibinomial model-conditional pointwise delta interval"
"time_form_and_leave_one_year","system-specific conditional UCD fraction BR/US RR","spline_df5","time_form",,1.43574528015053,1.31731591116647,1.56482168931614,"quasibinomial model-conditional pointwise delta interval"
"time_form_and_leave_one_year","system-specific conditional UCD fraction BR/US RR","pre_covid_post","time_form",,1.43587324129061,1.31622918003747,1.5663928412495,"quasibinomial model-conditional pointwise delta interval"
"time_form_and_leave_one_year","system-specific conditional UCD fraction BR/US RR","leave_one_year_omit_2012","leave_one_year",2012,1.4634301043183,1.34128629403643,1.59669690188224,"quasibinomial model-conditional pointwise delta interval"
"time_form_and_leave_one_year","system-specific conditional UCD fraction BR/US RR","leave_one_year_omit_2013","leave_one_year",2013,1.44029800731453,1.31862662441315,1.57319616597112,"quasibinomial model-conditional pointwise delta interval"
"time_form_and_leave_one_year","system-specific conditional UCD fraction BR/US RR","leave_one_year_omit_2014","leave_one_year",2014,1.45117371462497,1.32774404993785,1.58607764057915,"quasibinomial model-conditional pointwise delta interval"
"time_form_and_leave_one_year","system-specific conditional UCD fraction BR/US RR","leave_one_year_omit_2015","leave_one_year",2015,1.44139470084487,1.31679536562167,1.57778401858424,"quasibinomial model-conditional pointwise delta interval"
"time_form_and_leave_one_year","system-specific conditional UCD fraction BR/US RR","leave_one_year_omit_2016","leave_one_year",2016,1.44473152861021,1.31982498282586,1.58145906989229,"quasibinomial model-conditional pointwise delta interval"
"time_form_and_leave_one_year","system-specific conditional UCD fraction BR/US RR","leave_one_year_omit_2017","leave_one_year",2017,1.41333372484677,1.28999646505981,1.54846332675541,"quasibinomial model-conditional pointwise delta interval"
"time_form_and_leave_one_year","system-specific conditional UCD fraction BR/US RR","leave_one_year_omit_2018","leave_one_year",2018,1.41424550453811,1.29271075403195,1.54720639622437,"quasibinomial model-conditional pointwise delta interval"
"time_form_and_leave_one_year","system-specific conditional UCD fraction BR/US RR","leave_one_year_omit_2019","leave_one_year",2019,1.43048115300466,1.30830680534124,1.56406457625038,"quasibinomial model-conditional pointwise delta interval"
"time_form_and_leave_one_year","system-specific conditional UCD fraction BR/US RR","leave_one_year_omit_2020","leave_one_year",2020,1.41418194475119,1.28939086108707,1.5510506807642,"quasibinomial model-conditional pointwise delta interval"
"time_form_and_leave_one_year","system-specific conditional UCD fraction BR/US RR","leave_one_year_omit_2021","leave_one_year",2021,1.42389228004859,1.3054698341268,1.55305712332916,"quasibinomial model-conditional pointwise delta interval"
"time_form_and_leave_one_year","system-specific conditional UCD fraction BR/US RR","leave_one_year_omit_2022","leave_one_year",2022,1.45258532623247,1.33001739384396,1.58644852296828,"quasibinomial model-conditional pointwise delta interval"
"time_form_and_leave_one_year","system-specific conditional UCD fraction BR/US RR","leave_one_year_omit_2023","leave_one_year",2023,1.43697526288565,1.31646413712215,1.5685181600611,"quasibinomial model-conditional pointwise delta interval"
"time_form_and_leave_one_year","system-specific conditional UCD fraction BR/US RR","leave_one_year_omit_2024_exclude_2024","leave_one_year_and_exclude_2024",2024,1.42384512139433,1.30017438197833,1.55927924578368,"quasibinomial model-conditional pointwise delta interval"
"Table_S5_target_sensitivity","any_common/UCD RRR","sex_female","target",,0.816730290224214,0.807003688238376,0.826574124370907,"WHO18 age; female only; years equal"
"Table_S5_target_sensitivity","any_common/UCD RRR","sex_male","target",,0.818223429732789,0.80788986631073,0.82868916777103,"WHO18 age; male only; years equal"
"Table_S5_target_sensitivity","any_common/UCD RRR","population_weighted_years","target",,0.815733548184916,0.80848361029953,0.823048498642817,"WHO18 age; sex 0.5/0.5; year weights proportional to combined BR+US analytic population"
"Table_S5_target_sensitivity","any_common/UCD RRR","recent_3_years_equal","target",,0.781710060941948,0.768605854877675,0.795037684789843,"WHO18 age; sex 0.5/0.5; stated year target"
"Table_S5_target_sensitivity","any_common/UCD RRR","year_2024","target",,0.770717454082082,0.747016908002253,0.795169945504064,"WHO18 age; sex 0.5/0.5; stated year target"
"Table_S6_model_bootstrap_sensitivity","any_common/UCD RRR","primary_stacked_poisson_hc1","model_bootstrap",,0.816338396836335,0.809051900990996,0.823690516434167,"936 original strata"
"Table_S6_model_bootstrap_sensitivity","any_common/UCD RRR","flexible_country_representation_age_sex","model_bootstrap",,0.815183171315097,0.808068275641233,0.822360712364328,"country x representation x age x sex"
"Table_S6_model_bootstrap_sensitivity","any_common/UCD RRR","cluster_multiplier_bootstrap","model_bootstrap",,0.816338396836335,0.809313512942623,0.823155786520379,"2000/2000 successful draws; shared stratum multiplier"
